# file name, schedulable?, #jobs, #states, #edges, max width, CPU time, memory, timeout, #CPUs, Total Sched
..\tests\temp_000.csv,  1,  28,  148,  301,  0,  4.356000,  0,  4,  1
..\tests\temp_001.csv,  1,  19,  63,  118,  0,  0.605000,  0,  4,  2
..\tests\temp_002.csv,  1,  16,  28,  38,  0,  0.144000,  0,  4,  3
..\tests\temp_003.csv,  1,  21,  75,  135,  0,  0.926000,  0,  4,  4
..\tests\temp_004.csv,  1,  22,  70,  124,  0,  0.955000,  0,  4,  5
..\tests\temp_005.csv,  1,  31,  1082,  3828,  0,  126.223000,  0,  4,  6
..\tests\temp_006.csv,  1,  20,  66,  117,  0,  0.720000,  0,  4,  7
..\tests\temp_007.csv,  1,  12,  17,  20,  0,  0.045000,  0,  4,  8
..\tests\temp_008.csv,  1,  22,  55,  87,  0,  0.758000,  0,  4,  9
..\tests\temp_009.csv,  1,  24,  88,  151,  0,  1.515000,  0,  4,  10
..\tests\temp_010.csv,  1,  24,  96,  166,  0,  1.801000,  0,  4,  11
..\tests\temp_011.csv,  1,  27,  421,  1001,  0,  15.747000,  0,  4,  12
..\tests\temp_012.csv,  1,  16,  21,  24,  0,  0.114000,  0,  4,  13
..\tests\temp_013.csv,  1,  18,  75,  153,  0,  0.692000,  0,  4,  14
..\tests\temp_014.csv,  1,  29,  284,  652,  0,  11.344000,  0,  4,  15
..\tests\temp_015.csv,  1,  32,  540,  1626,  0,  40.790000,  0,  4,  16
..\tests\temp_016.csv,  1,  15,  26,  35,  0,  0.127000,  0,  4,  17
..\tests\temp_017.csv,  1,  21,  59,  99,  0,  0.723000,  0,  4,  18
..\tests\temp_018.csv,  1,  32,  1402,  4860,  0,  202.535000,  0,  4,  19
..\tests\temp_019.csv,  1,  21,  61,  101,  0,  0.734000,  0,  4,  20
..\tests\temp_020.csv,  1,  16,  18,  18,  0,  0.091000,  0,  4,  21
..\tests\temp_021.csv,  1,  22,  83,  152,  0,  1.205000,  0,  4,  22
..\tests\temp_022.csv,  1,  18,  24,  27,  0,  0.169000,  0,  4,  23
..\tests\temp_023.csv,  1,  31,  639,  1955,  0,  48.165000,  0,  4,  24
..\tests\temp_024.csv,  1,  27,  430,  1008,  0,  16.243000,  0,  4,  25
..\tests\temp_025.csv,  1,  17,  42,  64,  0,  0.279000,  0,  4,  26
..\tests\temp_026.csv,  1,  20,  52,  86,  0,  0.549000,  0,  4,  27
..\tests\temp_027.csv,  1,  12,  13,  12,  0,  0.032000,  0,  4,  28
..\tests\temp_028.csv,  1,  17,  31,  40,  0,  0.209000,  0,  4,  29
..\tests\temp_029.csv,  1,  29,  481,  1128,  0,  22.082000,  0,  4,  30
..\tests\temp_030.csv,  1,  22,  62,  107,  0,  0.862000,  0,  4,  31
..\tests\temp_031.csv,  1,  11,  12,  11,  0,  0.025000,  0,  4,  32
..\tests\temp_032.csv,  1,  21,  73,  136,  0,  0.984000,  0,  4,  33
..\tests\temp_033.csv,  1,  12,  13,  12,  0,  0.032000,  0,  4,  34
..\tests\temp_034.csv,  1,  12,  17,  20,  0,  0.046000,  0,  4,  35
..\tests\temp_035.csv,  1,  30,  353,  763,  0,  15.565000,  0,  4,  36
..\tests\temp_036.csv,  1,  30,  446,  1120,  0,  22.085000,  0,  4,  37
..\tests\temp_037.csv,  1,  32,  969,  3101,  0,  101.082000,  0,  4,  38
..\tests\temp_038.csv,  1,  11,  15,  17,  0,  0.033000,  0,  4,  39
..\tests\temp_039.csv,  1,  17,  31,  42,  0,  0.203000,  0,  4,  40
..\tests\temp_040.csv,  1,  11,  12,  11,  0,  0.024000,  0,  4,  41
..\tests\temp_041.csv,  1,  30,  406,  913,  0,  19.447000,  0,  4,  42
..\tests\temp_042.csv,  1,  18,  41,  64,  0,  0.324000,  0,  4,  43
..\tests\temp_043.csv,  1,  28,  176,  350,  0,  5.161000,  0,  4,  44
..\tests\temp_044.csv,  1,  23,  95,  182,  0,  1.587000,  0,  4,  45
..\tests\temp_045.csv,  1,  14,  17,  18,  0,  0.063000,  0,  4,  46
..\tests\temp_046.csv,  1,  29,  465,  1001,  0,  19.258000,  0,  4,  47
..\tests\temp_047.csv,  1,  28,  357,  849,  0,  14.296000,  0,  4,  48
..\tests\temp_048.csv,  1,  21,  58,  96,  0,  0.680000,  0,  4,  49
..\tests\temp_049.csv,  1,  11,  15,  17,  0,  0.031000,  0,  4,  50
..\tests\temp_050.csv,  1,  20,  88,  166,  0,  1.013000,  0,  4,  51
..\tests\temp_051.csv,  1,  21,  52,  87,  0,  0.606000,  0,  4,  52
..\tests\temp_052.csv,  1,  14,  20,  24,  0,  0.076000,  0,  4,  53
..\tests\temp_053.csv,  1,  12,  13,  12,  0,  0.036000,  0,  4,  54
..\tests\temp_054.csv,  1,  16,  24,  30,  0,  0.136000,  0,  4,  55
..\tests\temp_055.csv,  1,  23,  73,  125,  0,  1.109000,  0,  4,  56
..\tests\temp_056.csv,  1,  17,  42,  65,  0,  0.274000,  0,  4,  57
..\tests\temp_057.csv,  1,  23,  74,  119,  0,  1.107000,  0,  4,  58
..\tests\temp_058.csv,  1,  11,  12,  11,  0,  0.024000,  0,  4,  59
..\tests\temp_059.csv,  1,  15,  25,  33,  0,  0.117000,  0,  4,  60
..\tests\temp_060.csv,  1,  20,  81,  153,  0,  0.969000,  0,  4,  61
..\tests\temp_061.csv,  1,  25,  166,  339,  0,  3.738000,  0,  4,  62
..\tests\temp_062.csv,  1,  32,  1270,  4383,  0,  174.709000,  0,  4,  63
..\tests\temp_063.csv,  1,  12,  13,  12,  0,  0.032000,  0,  4,  64
..\tests\temp_064.csv,  1,  16,  26,  34,  0,  0.142000,  0,  4,  65
..\tests\temp_065.csv,  1,  11,  12,  11,  0,  0.024000,  0,  4,  66
..\tests\temp_066.csv,  1,  16,  25,  32,  0,  0.128000,  0,  4,  67
..\tests\temp_067.csv,  1,  26,  140,  327,  0,  3.730000,  0,  4,  68
..\tests\temp_068.csv,  1,  16,  27,  36,  0,  0.151000,  0,  4,  69
..\tests\temp_069.csv,  1,  20,  69,  130,  0,  0.758000,  0,  4,  70
..\tests\temp_070.csv,  1,  15,  26,  35,  0,  0.125000,  0,  4,  71
..\tests\temp_071.csv,  1,  32,  492,  1344,  0,  32.490000,  0,  4,  72
..\tests\temp_072.csv,  1,  12,  13,  12,  0,  0.032000,  0,  4,  73
..\tests\temp_073.csv,  1,  21,  64,  108,  0,  0.784000,  0,  4,  74
..\tests\temp_074.csv,  1,  12,  17,  20,  0,  0.046000,  0,  4,  75
..\tests\temp_075.csv,  1,  20,  33,  42,  0,  0.332000,  0,  4,  76
..\tests\temp_076.csv,  1,  14,  20,  24,  0,  0.077000,  0,  4,  77
..\tests\temp_077.csv,  1,  22,  93,  178,  0,  1.408000,  0,  4,  78
..\tests\temp_078.csv,  1,  12,  13,  12,  0,  0.033000,  0,  4,  79
..\tests\temp_079.csv,  1,  15,  23,  29,  0,  0.105000,  0,  4,  80
..\tests\temp_080.csv,  1,  32,  446,  1252,  0,  28.818000,  0,  4,  81
..\tests\temp_081.csv,  1,  29,  355,  902,  0,  15.801000,  0,  4,  82
..\tests\temp_082.csv,  1,  22,  99,  194,  0,  1.479000,  0,  4,  83
..\tests\temp_083.csv,  1,  17,  18,  17,  0,  0.105000,  0,  4,  84
..\tests\temp_084.csv,  1,  23,  77,  123,  0,  1.188000,  0,  4,  85
..\tests\temp_085.csv,  1,  21,  35,  51,  0,  0.399000,  0,  4,  86
..\tests\temp_086.csv,  1,  17,  25,  31,  0,  0.156000,  0,  4,  87
..\tests\temp_087.csv,  1,  27,  144,  308,  0,  4.023000,  0,  4,  88
..\tests\temp_088.csv,  1,  22,  74,  140,  0,  1.014000,  0,  4,  89
..\tests\temp_089.csv,  1,  27,  444,  1176,  0,  17.994000,  0,  4,  90
..\tests\temp_090.csv,  1,  20,  40,  55,  0,  0.409000,  0,  4,  91
..\tests\temp_091.csv,  1,  12,  13,  12,  0,  0.033000,  0,  4,  92
..\tests\temp_092.csv,  1,  21,  74,  127,  0,  0.933000,  0,  4,  93
..\tests\temp_093.csv,  1,  12,  17,  20,  0,  0.044000,  0,  4,  94
..\tests\temp_094.csv,  1,  23,  115,  230,  0,  1.968000,  0,  4,  95
..\tests\temp_095.csv,  1,  32,  622,  1468,  0,  42.094000,  0,  4,  96
..\tests\temp_096.csv,  1,  16,  26,  34,  0,  0.140000,  0,  4,  97
..\tests\temp_097.csv,  1,  20,  62,  114,  0,  0.682000,  0,  4,  98
..\tests\temp_098.csv,  1,  21,  61,  107,  0,  0.742000,  0,  4,  99
..\tests\temp_099.csv,  1,  29,  235,  517,  0,  8.254000,  0,  4,  100
..\tests\temp_100.csv,  1,  28,  148,  301,  0,  4.265000,  0,  4,  101
..\tests\temp_101.csv,  1,  19,  63,  118,  0,  0.629000,  0,  4,  102
..\tests\temp_102.csv,  1,  16,  28,  38,  0,  0.154000,  0,  4,  103
..\tests\temp_103.csv,  1,  21,  75,  135,  0,  0.955000,  0,  4,  104
..\tests\temp_104.csv,  1,  22,  70,  124,  0,  0.985000,  0,  4,  105
..\tests\temp_105.csv,  1,  31,  1082,  3828,  0,  127.182000,  0,  4,  106
..\tests\temp_106.csv,  1,  20,  66,  117,  0,  0.701000,  0,  4,  107
..\tests\temp_107.csv,  1,  12,  17,  20,  0,  0.044000,  0,  4,  108
..\tests\temp_108.csv,  1,  22,  55,  87,  0,  0.771000,  0,  4,  109
..\tests\temp_109.csv,  1,  24,  88,  151,  0,  1.471000,  0,  4,  110
..\tests\temp_110.csv,  1,  24,  96,  166,  0,  1.688000,  0,  4,  111
..\tests\temp_111.csv,  1,  27,  421,  1001,  0,  15.426000,  0,  4,  112
..\tests\temp_112.csv,  1,  16,  21,  24,  0,  0.108000,  0,  4,  113
..\tests\temp_113.csv,  1,  18,  75,  153,  0,  0.667000,  0,  4,  114
..\tests\temp_114.csv,  1,  29,  284,  652,  0,  11.073000,  0,  4,  115
..\tests\temp_115.csv,  1,  32,  540,  1626,  0,  40.267000,  0,  4,  116
..\tests\temp_116.csv,  1,  15,  26,  35,  0,  0.120000,  0,  4,  117
..\tests\temp_117.csv,  1,  21,  59,  99,  0,  0.701000,  0,  4,  118
..\tests\temp_118.csv,  1,  32,  1402,  4860,  0,  196.925000,  0,  4,  119
..\tests\temp_119.csv,  1,  21,  61,  101,  0,  0.729000,  0,  4,  120
..\tests\temp_120.csv,  1,  16,  18,  18,  0,  0.089000,  0,  4,  121
..\tests\temp_121.csv,  1,  22,  83,  152,  0,  1.261000,  0,  4,  122
..\tests\temp_122.csv,  1,  18,  24,  27,  0,  0.168000,  0,  4,  123
..\tests\temp_123.csv,  1,  31,  639,  1955,  0,  47.529000,  0,  4,  124
..\tests\temp_124.csv,  1,  27,  430,  1008,  0,  16.103000,  0,  4,  125
..\tests\temp_125.csv,  1,  17,  42,  64,  0,  0.292000,  0,  4,  126
..\tests\temp_126.csv,  1,  20,  52,  86,  0,  0.544000,  0,  4,  127
..\tests\temp_127.csv,  1,  12,  13,  12,  0,  0.032000,  0,  4,  128
..\tests\temp_128.csv,  1,  17,  31,  40,  0,  0.213000,  0,  4,  129
..\tests\temp_129.csv,  1,  29,  481,  1128,  0,  21.844000,  0,  4,  130
..\tests\temp_130.csv,  1,  22,  62,  107,  0,  0.838000,  0,  4,  131
..\tests\temp_131.csv,  1,  11,  12,  11,  0,  0.024000,  0,  4,  132
..\tests\temp_132.csv,  1,  21,  73,  136,  0,  0.968000,  0,  4,  133
..\tests\temp_133.csv,  1,  12,  13,  12,  0,  0.032000,  0,  4,  134
..\tests\temp_134.csv,  1,  12,  17,  20,  0,  0.045000,  0,  4,  135
..\tests\temp_135.csv,  1,  30,  353,  763,  0,  14.552000,  0,  4,  136
..\tests\temp_136.csv,  1,  30,  446,  1120,  0,  20.572000,  0,  4,  137
..\tests\temp_137.csv,  1,  32,  969,  3101,  0,  98.868000,  0,  4,  138
..\tests\temp_138.csv,  1,  11,  15,  17,  0,  0.032000,  0,  4,  139
..\tests\temp_139.csv,  1,  17,  31,  42,  0,  0.198000,  0,  4,  140
..\tests\temp_140.csv,  1,  11,  12,  11,  0,  0.024000,  0,  4,  141
..\tests\temp_141.csv,  1,  30,  406,  913,  0,  19.215000,  0,  4,  142
..\tests\temp_142.csv,  1,  18,  41,  64,  0,  0.320000,  0,  4,  143
..\tests\temp_143.csv,  1,  28,  176,  350,  0,  5.125000,  0,  4,  144
..\tests\temp_144.csv,  1,  23,  95,  182,  0,  1.555000,  0,  4,  145
..\tests\temp_145.csv,  1,  14,  17,  18,  0,  0.062000,  0,  4,  146
..\tests\temp_146.csv,  1,  29,  465,  1001,  0,  19.051000,  0,  4,  147
..\tests\temp_147.csv,  1,  28,  357,  849,  0,  14.051000,  0,  4,  148
..\tests\temp_148.csv,  1,  21,  58,  96,  0,  0.676000,  0,  4,  149
..\tests\temp_149.csv,  1,  11,  15,  17,  0,  0.033000,  0,  4,  150
..\tests\temp_150.csv,  1,  20,  88,  166,  0,  1.025000,  0,  4,  151
..\tests\temp_151.csv,  1,  21,  52,  87,  0,  0.600000,  0,  4,  152
..\tests\temp_152.csv,  1,  14,  20,  24,  0,  0.075000,  0,  4,  153
..\tests\temp_153.csv,  1,  12,  13,  12,  0,  0.034000,  0,  4,  154
..\tests\temp_154.csv,  1,  16,  24,  30,  0,  0.128000,  0,  4,  155
..\tests\temp_155.csv,  1,  23,  73,  125,  0,  1.105000,  0,  4,  156
..\tests\temp_156.csv,  1,  17,  42,  65,  0,  0.275000,  0,  4,  157
..\tests\temp_157.csv,  1,  23,  74,  119,  0,  1.088000,  0,  4,  158
..\tests\temp_158.csv,  1,  11,  12,  11,  0,  0.024000,  0,  4,  159
..\tests\temp_159.csv,  1,  15,  25,  33,  0,  0.127000,  0,  4,  160
..\tests\temp_160.csv,  1,  20,  81,  153,  0,  0.946000,  0,  4,  161
..\tests\temp_161.csv,  1,  25,  166,  339,  0,  3.753000,  0,  4,  162
..\tests\temp_162.csv,  1,  32,  1270,  4383,  0,  172.419000,  0,  4,  163
..\tests\temp_163.csv,  1,  12,  13,  12,  0,  0.032000,  0,  4,  164
..\tests\temp_164.csv,  1,  16,  26,  34,  0,  0.141000,  0,  4,  165
..\tests\temp_165.csv,  1,  11,  12,  11,  0,  0.024000,  0,  4,  166
..\tests\temp_166.csv,  1,  16,  25,  32,  0,  0.127000,  0,  4,  167
..\tests\temp_167.csv,  1,  26,  140,  327,  0,  3.690000,  0,  4,  168
..\tests\temp_168.csv,  1,  16,  27,  36,  0,  0.150000,  0,  4,  169
..\tests\temp_169.csv,  1,  20,  69,  130,  0,  0.758000,  0,  4,  170
..\tests\temp_170.csv,  1,  15,  26,  35,  0,  0.122000,  0,  4,  171
..\tests\temp_171.csv,  1,  32,  492,  1344,  0,  32.074000,  0,  4,  172
..\tests\temp_172.csv,  1,  12,  13,  12,  0,  0.033000,  0,  4,  173
..\tests\temp_173.csv,  1,  21,  64,  108,  0,  0.789000,  0,  4,  174
..\tests\temp_174.csv,  1,  12,  17,  20,  0,  0.046000,  0,  4,  175
..\tests\temp_175.csv,  1,  20,  33,  42,  0,  0.341000,  0,  4,  176
..\tests\temp_176.csv,  1,  14,  20,  24,  0,  0.075000,  0,  4,  177
..\tests\temp_177.csv,  1,  22,  93,  178,  0,  1.379000,  0,  4,  178
..\tests\temp_178.csv,  1,  12,  13,  12,  0,  0.031000,  0,  4,  179
..\tests\temp_179.csv,  1,  15,  23,  29,  0,  0.103000,  0,  4,  180
..\tests\temp_180.csv,  1,  32,  446,  1252,  0,  28.493000,  0,  4,  181
..\tests\temp_181.csv,  1,  29,  355,  902,  0,  15.665000,  0,  4,  182
..\tests\temp_182.csv,  1,  22,  99,  194,  0,  1.450000,  0,  4,  183
..\tests\temp_183.csv,  1,  17,  18,  17,  0,  0.103000,  0,  4,  184
..\tests\temp_184.csv,  1,  23,  77,  123,  0,  1.169000,  0,  4,  185
..\tests\temp_185.csv,  1,  21,  35,  51,  0,  0.391000,  0,  4,  186
..\tests\temp_186.csv,  1,  17,  25,  31,  0,  0.156000,  0,  4,  187
..\tests\temp_187.csv,  1,  27,  144,  308,  0,  3.943000,  0,  4,  188
..\tests\temp_188.csv,  1,  22,  74,  140,  0,  0.996000,  0,  4,  189
..\tests\temp_189.csv,  1,  27,  444,  1176,  0,  17.724000,  0,  4,  190
..\tests\temp_190.csv,  1,  20,  40,  55,  0,  0.395000,  0,  4,  191
..\tests\temp_191.csv,  1,  12,  13,  12,  0,  0.033000,  0,  4,  192
..\tests\temp_192.csv,  1,  21,  74,  127,  0,  0.916000,  0,  4,  193
..\tests\temp_193.csv,  1,  12,  17,  20,  0,  0.044000,  0,  4,  194
..\tests\temp_194.csv,  1,  23,  115,  230,  0,  1.949000,  0,  4,  195
..\tests\temp_195.csv,  1,  32,  622,  1468,  0,  41.725000,  0,  4,  196
..\tests\temp_196.csv,  1,  16,  26,  34,  0,  0.141000,  0,  4,  197
..\tests\temp_197.csv,  1,  20,  62,  114,  0,  0.666000,  0,  4,  198
..\tests\temp_198.csv,  1,  21,  61,  107,  0,  0.788000,  0,  4,  199
..\tests\temp_199.csv,  1,  29,  235,  517,  0,  8.125000,  0,  4,  200
..\tests\temp_200.csv,  1,  28,  148,  301,  0,  4.253000,  0,  4,  201
..\tests\temp_201.csv,  1,  19,  63,  118,  0,  0.611000,  0,  4,  202
..\tests\temp_202.csv,  1,  16,  28,  38,  0,  0.145000,  0,  4,  203
..\tests\temp_203.csv,  1,  21,  75,  135,  0,  0.954000,  0,  4,  204
..\tests\temp_204.csv,  1,  22,  70,  124,  0,  0.961000,  0,  4,  205
..\tests\temp_205.csv,  1,  31,  1082,  3828,  0,  126.249000,  0,  4,  206
..\tests\temp_206.csv,  1,  20,  66,  117,  0,  0.713000,  0,  4,  207
..\tests\temp_207.csv,  1,  12,  17,  20,  0,  0.046000,  0,  4,  208
..\tests\temp_208.csv,  1,  22,  55,  87,  0,  0.737000,  0,  4,  209
..\tests\temp_209.csv,  1,  24,  88,  151,  0,  1.533000,  0,  4,  210
..\tests\temp_210.csv,  1,  24,  96,  166,  0,  1.718000,  0,  4,  211
..\tests\temp_211.csv,  1,  27,  421,  1001,  0,  15.593000,  0,  4,  212
..\tests\temp_212.csv,  1,  16,  21,  24,  0,  0.111000,  0,  4,  213
..\tests\temp_213.csv,  1,  18,  75,  153,  0,  0.679000,  0,  4,  214
..\tests\temp_214.csv,  1,  29,  284,  652,  0,  11.242000,  0,  4,  215
..\tests\temp_215.csv,  1,  32,  540,  1626,  0,  40.306000,  0,  4,  216
..\tests\temp_216.csv,  1,  15,  26,  35,  0,  0.122000,  0,  4,  217
..\tests\temp_217.csv,  1,  21,  59,  99,  0,  0.705000,  0,  4,  218
..\tests\temp_218.csv,  1,  32,  1402,  4860,  0,  198.028000,  0,  4,  219
..\tests\temp_219.csv,  1,  21,  61,  101,  0,  0.732000,  0,  4,  220
..\tests\temp_220.csv,  1,  16,  18,  18,  0,  0.089000,  0,  4,  221
..\tests\temp_221.csv,  1,  22,  83,  152,  0,  1.200000,  0,  4,  222
..\tests\temp_222.csv,  1,  18,  24,  27,  0,  0.167000,  0,  4,  223
..\tests\temp_223.csv,  1,  31,  639,  1955,  0,  47.762000,  0,  4,  224
..\tests\temp_224.csv,  1,  27,  430,  1008,  0,  16.106000,  0,  4,  225
..\tests\temp_225.csv,  1,  17,  42,  64,  0,  0.271000,  0,  4,  226
..\tests\temp_226.csv,  1,  20,  52,  86,  0,  0.536000,  0,  4,  227
..\tests\temp_227.csv,  1,  12,  13,  12,  0,  0.032000,  0,  4,  228
..\tests\temp_228.csv,  1,  17,  31,  40,  0,  0.199000,  0,  4,  229
..\tests\temp_229.csv,  1,  29,  481,  1128,  0,  21.560000,  0,  4,  230
..\tests\temp_230.csv,  1,  22,  62,  107,  0,  0.830000,  0,  4,  231
..\tests\temp_231.csv,  1,  11,  12,  11,  0,  0.024000,  0,  4,  232
..\tests\temp_232.csv,  1,  21,  73,  136,  0,  0.945000,  0,  4,  233
..\tests\temp_233.csv,  1,  12,  13,  12,  0,  0.032000,  0,  4,  234
..\tests\temp_234.csv,  1,  12,  17,  20,  0,  0.044000,  0,  4,  235
..\tests\temp_235.csv,  1,  30,  353,  763,  0,  14.429000,  0,  4,  236
..\tests\temp_236.csv,  1,  30,  446,  1120,  0,  20.544000,  0,  4,  237
..\tests\temp_237.csv,  1,  32,  969,  3101,  0,  97.810000,  0,  4,  238
..\tests\temp_238.csv,  1,  11,  15,  17,  0,  0.031000,  0,  4,  239
..\tests\temp_239.csv,  1,  17,  31,  42,  0,  0.195000,  0,  4,  240
..\tests\temp_240.csv,  1,  11,  12,  11,  0,  0.024000,  0,  4,  241
..\tests\temp_241.csv,  1,  30,  406,  913,  0,  19.079000,  0,  4,  242
..\tests\temp_242.csv,  1,  18,  41,  64,  0,  0.324000,  0,  4,  243
..\tests\temp_243.csv,  1,  28,  176,  350,  0,  5.065000,  0,  4,  244
..\tests\temp_244.csv,  1,  23,  95,  182,  0,  1.545000,  0,  4,  245
..\tests\temp_245.csv,  1,  14,  17,  18,  0,  0.062000,  0,  4,  246
..\tests\temp_246.csv,  1,  29,  465,  1001,  0,  18.989000,  0,  4,  247
..\tests\temp_247.csv,  1,  28,  357,  849,  0,  14.049000,  0,  4,  248
..\tests\temp_248.csv,  1,  21,  58,  96,  0,  0.674000,  0,  4,  249
..\tests\temp_249.csv,  1,  11,  15,  17,  0,  0.032000,  0,  4,  250
..\tests\temp_250.csv,  1,  20,  88,  166,  0,  1.011000,  0,  4,  251
..\tests\temp_251.csv,  1,  21,  52,  87,  0,  0.594000,  0,  4,  252
..\tests\temp_252.csv,  1,  14,  20,  24,  0,  0.075000,  0,  4,  253
..\tests\temp_253.csv,  1,  12,  13,  12,  0,  0.035000,  0,  4,  254
..\tests\temp_254.csv,  1,  16,  24,  30,  0,  0.128000,  0,  4,  255
..\tests\temp_255.csv,  1,  23,  73,  125,  0,  1.142000,  0,  4,  256
..\tests\temp_256.csv,  1,  17,  42,  65,  0,  0.272000,  0,  4,  257
..\tests\temp_257.csv,  1,  23,  74,  119,  0,  1.101000,  0,  4,  258
..\tests\temp_258.csv,  1,  11,  12,  11,  0,  0.024000,  0,  4,  259
..\tests\temp_259.csv,  1,  15,  25,  33,  0,  0.116000,  0,  4,  260
..\tests\temp_260.csv,  1,  20,  81,  153,  0,  0.993000,  0,  4,  261
..\tests\temp_261.csv,  1,  25,  166,  339,  0,  3.700000,  0,  4,  262
..\tests\temp_262.csv,  1,  32,  1270,  4383,  0,  171.394000,  0,  4,  263
..\tests\temp_263.csv,  1,  12,  13,  12,  0,  0.032000,  0,  4,  264
..\tests\temp_264.csv,  1,  16,  26,  34,  0,  0.138000,  0,  4,  265
..\tests\temp_265.csv,  1,  11,  12,  11,  0,  0.024000,  0,  4,  266
..\tests\temp_266.csv,  1,  16,  25,  32,  0,  0.126000,  0,  4,  267
..\tests\temp_267.csv,  1,  26,  140,  327,  0,  3.630000,  0,  4,  268
..\tests\temp_268.csv,  1,  16,  27,  36,  0,  0.146000,  0,  4,  269
..\tests\temp_269.csv,  1,  20,  69,  130,  0,  0.725000,  0,  4,  270
..\tests\temp_270.csv,  1,  15,  26,  35,  0,  0.120000,  0,  4,  271
..\tests\temp_271.csv,  1,  32,  492,  1344,  0,  31.989000,  0,  4,  272
..\tests\temp_272.csv,  1,  12,  13,  12,  0,  0.033000,  0,  4,  273
..\tests\temp_273.csv,  1,  21,  64,  108,  0,  0.776000,  0,  4,  274
..\tests\temp_274.csv,  1,  12,  17,  20,  0,  0.045000,  0,  4,  275
..\tests\temp_275.csv,  1,  20,  33,  42,  0,  0.343000,  0,  4,  276
..\tests\temp_276.csv,  1,  14,  20,  24,  0,  0.077000,  0,  4,  277
..\tests\temp_277.csv,  1,  22,  93,  178,  0,  1.388000,  0,  4,  278
..\tests\temp_278.csv,  1,  12,  13,  12,  0,  0.032000,  0,  4,  279
..\tests\temp_279.csv,  1,  15,  23,  29,  0,  0.102000,  0,  4,  280
..\tests\temp_280.csv,  1,  32,  446,  1252,  0,  28.382000,  0,  4,  281
..\tests\temp_281.csv,  1,  29,  355,  902,  0,  15.523000,  0,  4,  282
..\tests\temp_282.csv,  1,  22,  99,  194,  0,  1.511000,  0,  4,  283
..\tests\temp_283.csv,  1,  17,  18,  17,  0,  0.102000,  0,  4,  284
..\tests\temp_284.csv,  1,  23,  77,  123,  0,  1.174000,  0,  4,  285
..\tests\temp_285.csv,  1,  21,  35,  51,  0,  0.415000,  0,  4,  286
..\tests\temp_286.csv,  1,  17,  25,  31,  0,  0.153000,  0,  4,  287
..\tests\temp_287.csv,  1,  27,  144,  308,  0,  3.936000,  0,  4,  288
..\tests\temp_288.csv,  1,  22,  74,  140,  0,  0.995000,  0,  4,  289
..\tests\temp_289.csv,  1,  27,  444,  1176,  0,  17.618000,  0,  4,  290
..\tests\temp_290.csv,  1,  20,  40,  55,  0,  0.391000,  0,  4,  291
..\tests\temp_291.csv,  1,  12,  13,  12,  0,  0.032000,  0,  4,  292
..\tests\temp_292.csv,  1,  21,  74,  127,  0,  0.934000,  0,  4,  293
..\tests\temp_293.csv,  1,  12,  17,  20,  0,  0.045000,  0,  4,  294
..\tests\temp_294.csv,  1,  23,  115,  230,  0,  1.932000,  0,  4,  295
..\tests\temp_295.csv,  1,  32,  622,  1468,  0,  41.323000,  0,  4,  296
..\tests\temp_296.csv,  1,  16,  26,  34,  0,  0.139000,  0,  4,  297
..\tests\temp_297.csv,  1,  20,  62,  114,  0,  0.662000,  0,  4,  298
..\tests\temp_298.csv,  1,  21,  61,  107,  0,  0.743000,  0,  4,  299
..\tests\temp_299.csv,  1,  29,  235,  517,  0,  8.039000,  0,  4,  300
..\tests\temp_300.csv,  1,  28,  148,  301,  0,  4.162000,  0,  4,  301
..\tests\temp_301.csv,  1,  19,  63,  118,  0,  0.606000,  0,  4,  302
..\tests\temp_302.csv,  1,  16,  28,  38,  0,  0.145000,  0,  4,  303
..\tests\temp_303.csv,  1,  21,  75,  135,  0,  0.942000,  0,  4,  304
..\tests\temp_304.csv,  1,  22,  70,  124,  0,  0.974000,  0,  4,  305
..\tests\temp_305.csv,  1,  31,  1082,  3828,  0,  125.213000,  0,  4,  306
..\tests\temp_306.csv,  1,  20,  66,  117,  0,  0.709000,  0,  4,  307
..\tests\temp_307.csv,  1,  12,  17,  20,  0,  0.045000,  0,  4,  308
..\tests\temp_308.csv,  1,  22,  55,  87,  0,  0.744000,  0,  4,  309
..\tests\temp_309.csv,  1,  24,  88,  151,  0,  1.485000,  0,  4,  310
..\tests\temp_310.csv,  1,  24,  96,  166,  0,  1.713000,  0,  4,  311
..\tests\temp_311.csv,  1,  27,  421,  1001,  0,  15.416000,  0,  4,  312
..\tests\temp_312.csv,  1,  16,  21,  24,  0,  0.108000,  0,  4,  313
..\tests\temp_313.csv,  1,  18,  75,  153,  0,  0.671000,  0,  4,  314
..\tests\temp_314.csv,  1,  29,  284,  652,  0,  11.130000,  0,  4,  315
..\tests\temp_315.csv,  1,  32,  540,  1626,  0,  40.077000,  0,  4,  316
..\tests\temp_316.csv,  1,  15,  26,  35,  0,  0.121000,  0,  4,  317
..\tests\temp_317.csv,  1,  21,  59,  99,  0,  0.696000,  0,  4,  318
..\tests\temp_318.csv,  1,  32,  1402,  4860,  0,  196.161000,  0,  4,  319
..\tests\temp_319.csv,  1,  21,  61,  101,  0,  0.723000,  0,  4,  320
..\tests\temp_320.csv,  1,  16,  18,  18,  0,  0.090000,  0,  4,  321
..\tests\temp_321.csv,  1,  22,  83,  152,  0,  1.184000,  0,  4,  322
..\tests\temp_322.csv,  1,  18,  24,  27,  0,  0.167000,  0,  4,  323
..\tests\temp_323.csv,  1,  31,  639,  1955,  0,  46.988000,  0,  4,  324
..\tests\temp_324.csv,  1,  27,  430,  1008,  0,  15.795000,  0,  4,  325
..\tests\temp_325.csv,  1,  17,  42,  64,  0,  0.268000,  0,  4,  326
..\tests\temp_326.csv,  1,  20,  52,  86,  0,  0.540000,  0,  4,  327
..\tests\temp_327.csv,  1,  12,  13,  12,  0,  0.031000,  0,  4,  328
..\tests\temp_328.csv,  1,  17,  31,  40,  0,  0.198000,  0,  4,  329
..\tests\temp_329.csv,  1,  29,  481,  1128,  0,  21.498000,  0,  4,  330
..\tests\temp_330.csv,  1,  22,  62,  107,  0,  0.825000,  0,  4,  331
..\tests\temp_331.csv,  0,  11,  11,  11,  0,  0.022000,  0,  4,  331
..\tests\temp_332.csv,  1,  21,  73,  136,  0,  0.939000,  0,  4,  332
..\tests\temp_333.csv,  1,  12,  13,  12,  0,  0.032000,  0,  4,  333
..\tests\temp_334.csv,  0,  12,  16,  20,  0,  0.041000,  0,  4,  333
..\tests\temp_335.csv,  1,  30,  353,  763,  0,  14.421000,  0,  4,  334
..\tests\temp_336.csv,  1,  30,  446,  1120,  0,  20.472000,  0,  4,  335
..\tests\temp_337.csv,  1,  32,  969,  3101,  0,  101.502000,  0,  4,  336
..\tests\temp_338.csv,  0,  11,  14,  17,  0,  0.029000,  0,  4,  336
..\tests\temp_339.csv,  1,  17,  31,  42,  0,  0.209000,  0,  4,  337
..\tests\temp_340.csv,  0,  11,  11,  11,  0,  0.022000,  0,  4,  337
..\tests\temp_341.csv,  1,  30,  406,  913,  0,  20.046000,  0,  4,  338
..\tests\temp_342.csv,  1,  18,  41,  64,  0,  0.368000,  0,  4,  339
..\tests\temp_343.csv,  1,  28,  176,  350,  0,  5.544000,  0,  4,  340
..\tests\temp_344.csv,  1,  23,  95,  182,  0,  1.649000,  0,  4,  341
..\tests\temp_345.csv,  0,  14,  16,  18,  0,  0.060000,  0,  4,  341
..\tests\temp_346.csv,  1,  29,  465,  1001,  0,  20.213000,  0,  4,  342
..\tests\temp_347.csv,  1,  28,  357,  849,  0,  14.920000,  0,  4,  343
..\tests\temp_348.csv,  1,  21,  58,  96,  0,  0.741000,  0,  4,  344
..\tests\temp_349.csv,  1,  11,  15,  17,  0,  0.034000,  0,  4,  345
..\tests\temp_350.csv,  1,  20,  88,  166,  0,  1.040000,  0,  4,  346
..\tests\temp_351.csv,  1,  21,  52,  87,  0,  0.611000,  0,  4,  347
..\tests\temp_352.csv,  1,  14,  20,  24,  0,  0.078000,  0,  4,  348
..\tests\temp_353.csv,  1,  12,  13,  12,  0,  0.036000,  0,  4,  349
..\tests\temp_354.csv,  0,  16,  23,  30,  0,  0.121000,  0,  4,  349
..\tests\temp_355.csv,  1,  23,  73,  125,  0,  1.126000,  0,  4,  350
..\tests\temp_356.csv,  1,  17,  42,  65,  0,  0.277000,  0,  4,  351
..\tests\temp_357.csv,  1,  23,  74,  119,  0,  1.158000,  0,  4,  352
..\tests\temp_358.csv,  0,  11,  11,  11,  0,  0.022000,  0,  4,  352
..\tests\temp_359.csv,  1,  15,  25,  33,  0,  0.122000,  0,  4,  353
..\tests\temp_360.csv,  1,  20,  81,  153,  0,  1.039000,  0,  4,  354
..\tests\temp_361.csv,  1,  25,  166,  339,  0,  3.844000,  0,  4,  355
..\tests\temp_362.csv,  1,  32,  1270,  4383,  0,  178.094000,  0,  4,  356
..\tests\temp_363.csv,  0,  12,  11,  11,  0,  0.028000,  0,  4,  356
..\tests\temp_364.csv,  1,  16,  26,  34,  0,  0.146000,  0,  4,  357
..\tests\temp_365.csv,  0,  11,  10,  10,  0,  0.022000,  0,  4,  357
..\tests\temp_366.csv,  0,  16,  24,  32,  0,  0.130000,  0,  4,  357
..\tests\temp_367.csv,  1,  26,  140,  327,  0,  3.787000,  0,  4,  358
..\tests\temp_368.csv,  1,  16,  27,  36,  0,  0.151000,  0,  4,  359
..\tests\temp_369.csv,  1,  20,  69,  130,  0,  0.765000,  0,  4,  360
..\tests\temp_370.csv,  1,  15,  26,  35,  0,  0.149000,  0,  4,  361
..\tests\temp_371.csv,  1,  32,  492,  1344,  0,  33.211000,  0,  4,  362
..\tests\temp_372.csv,  1,  12,  13,  12,  0,  0.034000,  0,  4,  363
..\tests\temp_373.csv,  1,  21,  64,  108,  0,  0.816000,  0,  4,  364
..\tests\temp_374.csv,  1,  12,  17,  20,  0,  0.049000,  0,  4,  365
..\tests\temp_375.csv,  1,  20,  33,  42,  0,  0.359000,  0,  4,  366
..\tests\temp_376.csv,  1,  14,  20,  24,  0,  0.080000,  0,  4,  367
..\tests\temp_377.csv,  1,  22,  93,  178,  0,  1.434000,  0,  4,  368
..\tests\temp_378.csv,  1,  12,  13,  12,  0,  0.032000,  0,  4,  369
..\tests\temp_379.csv,  1,  15,  23,  29,  0,  0.107000,  0,  4,  370
..\tests\temp_380.csv,  1,  32,  446,  1252,  0,  29.418000,  0,  4,  371
..\tests\temp_381.csv,  1,  29,  355,  902,  0,  16.061000,  0,  4,  372
..\tests\temp_382.csv,  1,  22,  99,  194,  0,  1.487000,  0,  4,  373
..\tests\temp_383.csv,  1,  17,  18,  17,  0,  0.103000,  0,  4,  374
..\tests\temp_384.csv,  1,  23,  77,  123,  0,  1.211000,  0,  4,  375
..\tests\temp_385.csv,  1,  21,  35,  51,  0,  0.414000,  0,  4,  376
..\tests\temp_386.csv,  1,  17,  25,  31,  0,  0.161000,  0,  4,  377
..\tests\temp_387.csv,  1,  27,  144,  308,  0,  4.053000,  0,  4,  378
..\tests\temp_388.csv,  1,  22,  74,  140,  0,  1.029000,  0,  4,  379
..\tests\temp_389.csv,  1,  27,  444,  1176,  0,  18.365000,  0,  4,  380
..\tests\temp_390.csv,  1,  20,  40,  55,  0,  0.401000,  0,  4,  381
..\tests\temp_391.csv,  0,  12,  12,  12,  0,  0.029000,  0,  4,  381
..\tests\temp_392.csv,  1,  21,  74,  127,  0,  0.955000,  0,  4,  382
..\tests\temp_393.csv,  0,  12,  15,  19,  0,  0.041000,  0,  4,  382
..\tests\temp_394.csv,  1,  23,  115,  230,  0,  2.003000,  0,  4,  383
..\tests\temp_395.csv,  1,  32,  622,  1468,  0,  43.027000,  0,  4,  384
..\tests\temp_396.csv,  1,  16,  26,  34,  0,  0.139000,  0,  4,  385
..\tests\temp_397.csv,  1,  20,  62,  114,  0,  0.660000,  0,  4,  386
..\tests\temp_398.csv,  1,  21,  61,  107,  0,  0.727000,  0,  4,  387
..\tests\temp_399.csv,  1,  29,  235,  517,  0,  7.980000,  0,  4,  388
..\tests\temp_400.csv,  1,  28,  148,  301,  0,  4.143000,  0,  4,  389
..\tests\temp_401.csv,  1,  19,  63,  118,  0,  0.603000,  0,  4,  390
..\tests\temp_402.csv,  0,  16,  27,  38,  0,  0.140000,  0,  4,  390
..\tests\temp_403.csv,  0,  21,  74,  135,  0,  0.914000,  0,  4,  390
..\tests\temp_404.csv,  1,  22,  70,  124,  0,  0.945000,  0,  4,  391
..\tests\temp_405.csv,  1,  31,  1082,  3828,  0,  124.101000,  0,  4,  392
..\tests\temp_406.csv,  0,  20,  65,  117,  0,  0.696000,  0,  4,  392
..\tests\temp_407.csv,  0,  12,  16,  20,  0,  0.041000,  0,  4,  392
..\tests\temp_408.csv,  1,  22,  55,  87,  0,  0.715000,  0,  4,  393
..\tests\temp_409.csv,  1,  24,  88,  151,  0,  1.484000,  0,  4,  394
..\tests\temp_410.csv,  1,  24,  96,  166,  0,  1.696000,  0,  4,  395
..\tests\temp_411.csv,  1,  27,  421,  1001,  0,  15.334000,  0,  4,  396
..\tests\temp_412.csv,  0,  16,  18,  22,  0,  0.090000,  0,  4,  396
..\tests\temp_413.csv,  0,  18,  73,  152,  0,  0.652000,  0,  4,  396
..\tests\temp_414.csv,  1,  29,  284,  652,  0,  10.995000,  0,  4,  397
..\tests\temp_415.csv,  1,  32,  540,  1626,  0,  39.709000,  0,  4,  398
..\tests\temp_416.csv,  0,  15,  24,  34,  0,  0.108000,  0,  4,  398
..\tests\temp_417.csv,  1,  21,  59,  99,  0,  0.702000,  0,  4,  399
..\tests\temp_418.csv,  1,  32,  1402,  4860,  0,  197.773000,  0,  4,  400
..\tests\temp_419.csv,  1,  21,  61,  101,  0,  0.734000,  0,  4,  401
..\tests\temp_420.csv,  1,  16,  18,  18,  0,  0.089000,  0,  4,  402
..\tests\temp_421.csv,  1,  22,  83,  152,  0,  1.203000,  0,  4,  403
..\tests\temp_422.csv,  0,  18,  23,  27,  0,  0.159000,  0,  4,  403
..\tests\temp_423.csv,  1,  31,  639,  1955,  0,  49.155000,  0,  4,  404
..\tests\temp_424.csv,  1,  27,  430,  1008,  0,  16.659000,  0,  4,  405
..\tests\temp_425.csv,  0,  17,  41,  64,  0,  0.297000,  0,  4,  405
..\tests\temp_426.csv,  1,  20,  52,  86,  0,  0.579000,  0,  4,  406
..\tests\temp_427.csv,  0,  12,  12,  12,  0,  0.030000,  0,  4,  406
..\tests\temp_428.csv,  1,  17,  31,  40,  0,  0.238000,  0,  4,  407
..\tests\temp_429.csv,  1,  29,  481,  1128,  0,  22.281000,  0,  4,  408
..\tests\temp_430.csv,  1,  22,  62,  107,  0,  0.843000,  0,  4,  409
..\tests\temp_431.csv,  0,  11,  11,  11,  0,  0.023000,  0,  4,  409
..\tests\temp_432.csv,  1,  21,  73,  136,  0,  1.069000,  0,  4,  410
..\tests\temp_433.csv,  0,  12,  12,  12,  0,  0.029000,  0,  4,  410
..\tests\temp_434.csv,  0,  12,  16,  20,  0,  0.042000,  0,  4,  410
..\tests\temp_435.csv,  1,  30,  353,  763,  0,  15.134000,  0,  4,  411
..\tests\temp_436.csv,  1,  30,  446,  1120,  0,  21.151000,  0,  4,  412
..\tests\temp_437.csv,  1,  32,  969,  3101,  0,  101.454000,  0,  4,  413
..\tests\temp_438.csv,  0,  11,  14,  17,  0,  0.032000,  0,  4,  413
..\tests\temp_439.csv,  1,  17,  31,  42,  0,  0.204000,  0,  4,  414
..\tests\temp_440.csv,  0,  11,  10,  10,  0,  0.021000,  0,  4,  414
..\tests\temp_441.csv,  1,  30,  406,  913,  0,  19.624000,  0,  4,  415
..\tests\temp_442.csv,  1,  18,  41,  64,  0,  0.328000,  0,  4,  416
..\tests\temp_443.csv,  1,  28,  176,  350,  0,  5.213000,  0,  4,  417
..\tests\temp_444.csv,  1,  23,  95,  182,  0,  1.595000,  0,  4,  418
..\tests\temp_445.csv,  0,  14,  14,  16,  0,  0.048000,  0,  4,  418
..\tests\temp_446.csv,  1,  29,  465,  1001,  0,  20.130000,  0,  4,  419
..\tests\temp_447.csv,  1,  28,  357,  849,  0,  15.342000,  0,  4,  420
..\tests\temp_448.csv,  1,  21,  58,  96,  0,  0.701000,  0,  4,  421
..\tests\temp_449.csv,  1,  11,  15,  17,  0,  0.031000,  0,  4,  422
..\tests\temp_450.csv,  0,  20,  87,  166,  0,  1.037000,  0,  4,  422
..\tests\temp_451.csv,  1,  21,  52,  87,  0,  0.620000,  0,  4,  423
..\tests\temp_452.csv,  1,  14,  20,  24,  0,  0.080000,  0,  4,  424
..\tests\temp_453.csv,  1,  12,  13,  12,  0,  0.095000,  0,  4,  425
..\tests\temp_454.csv,  0,  16,  22,  29,  0,  0.132000,  0,  4,  425
..\tests\temp_455.csv,  1,  23,  73,  125,  0,  1.297000,  0,  4,  426
..\tests\temp_456.csv,  0,  17,  40,  64,  0,  0.271000,  0,  4,  426
..\tests\temp_457.csv,  1,  23,  74,  119,  0,  1.234000,  0,  4,  427
..\tests\temp_458.csv,  0,  11,  9,  9,  0,  0.017000,  0,  4,  427
..\tests\temp_459.csv,  0,  15,  24,  33,  0,  0.134000,  0,  4,  427
..\tests\temp_460.csv,  0,  20,  80,  153,  0,  1.014000,  0,  4,  427
..\tests\temp_461.csv,  1,  25,  166,  339,  0,  4.093000,  0,  4,  428
..\tests\temp_462.csv,  1,  32,  1270,  4383,  0,  176.517000,  0,  4,  429
..\tests\temp_463.csv,  0,  12,  11,  11,  0,  0.026000,  0,  4,  429
..\tests\temp_464.csv,  0,  16,  24,  33,  0,  0.128000,  0,  4,  429
..\tests\temp_465.csv,  0,  11,  10,  10,  0,  0.019000,  0,  4,  429
..\tests\temp_466.csv,  0,  16,  23,  31,  0,  0.113000,  0,  4,  429
..\tests\temp_467.csv,  1,  26,  140,  327,  0,  3.729000,  0,  4,  430
..\tests\temp_468.csv,  0,  16,  26,  36,  0,  0.143000,  0,  4,  430
..\tests\temp_469.csv,  1,  20,  69,  130,  0,  0.740000,  0,  4,  431
..\tests\temp_470.csv,  0,  15,  25,  35,  0,  0.117000,  0,  4,  431
..\tests\temp_471.csv,  1,  32,  492,  1344,  0,  32.380000,  0,  4,  432
..\tests\temp_472.csv,  0,  12,  11,  11,  0,  0.026000,  0,  4,  432
..\tests\temp_473.csv,  1,  21,  64,  108,  0,  0.801000,  0,  4,  433
..\tests\temp_474.csv,  0,  12,  15,  19,  0,  0.038000,  0,  4,  433
..\tests\temp_475.csv,  1,  20,  33,  42,  0,  0.344000,  0,  4,  434
..\tests\temp_476.csv,  0,  14,  19,  24,  0,  0.077000,  0,  4,  434
..\tests\temp_477.csv,  0,  22,  91,  177,  0,  1.383000,  0,  4,  434
..\tests\temp_478.csv,  0,  12,  11,  11,  0,  0.028000,  0,  4,  434
..\tests\temp_479.csv,  1,  15,  23,  29,  0,  0.102000,  0,  4,  435
..\tests\temp_480.csv,  1,  32,  446,  1252,  0,  28.883000,  0,  4,  436
..\tests\temp_481.csv,  1,  29,  355,  902,  0,  15.690000,  0,  4,  437
..\tests\temp_482.csv,  1,  22,  99,  194,  0,  1.461000,  0,  4,  438
..\tests\temp_483.csv,  1,  17,  18,  17,  0,  0.129000,  0,  4,  439
..\tests\temp_484.csv,  1,  23,  77,  123,  0,  1.171000,  0,  4,  440
..\tests\temp_485.csv,  1,  21,  35,  51,  0,  0.395000,  0,  4,  441
..\tests\temp_486.csv,  0,  17,  24,  31,  0,  0.149000,  0,  4,  441
..\tests\temp_487.csv,  1,  27,  144,  308,  0,  3.970000,  0,  4,  442
..\tests\temp_488.csv,  1,  22,  74,  140,  0,  1.006000,  0,  4,  443
..\tests\temp_489.csv,  1,  27,  444,  1176,  0,  17.890000,  0,  4,  444
..\tests\temp_490.csv,  1,  20,  40,  55,  0,  0.420000,  0,  4,  445
..\tests\temp_491.csv,  0,  12,  11,  11,  0,  0.026000,  0,  4,  445
..\tests\temp_492.csv,  1,  21,  74,  127,  0,  0.935000,  0,  4,  446
..\tests\temp_493.csv,  0,  12,  14,  18,  0,  0.034000,  0,  4,  446
..\tests\temp_494.csv,  1,  23,  115,  230,  0,  2.003000,  0,  4,  447
..\tests\temp_495.csv,  1,  32,  622,  1468,  0,  44.251000,  0,  4,  448
..\tests\temp_496.csv,  0,  16,  24,  33,  0,  0.150000,  0,  4,  448
..\tests\temp_497.csv,  1,  20,  62,  114,  0,  0.730000,  0,  4,  449
..\tests\temp_498.csv,  1,  21,  61,  107,  0,  0.749000,  0,  4,  450
..\tests\temp_499.csv,  1,  29,  235,  517,  0,  8.939000,  0,  4,  451
..\tests\temp_500.csv,  1,  28,  148,  301,  0,  4.798000,  0,  4,  452
..\tests\temp_501.csv,  0,  19,  61,  117,  0,  0.612000,  0,  4,  452
..\tests\temp_502.csv,  0,  16,  19,  28,  0,  0.089000,  0,  4,  452
..\tests\temp_503.csv,  0,  21,  73,  134,  0,  0.983000,  0,  4,  452
..\tests\temp_504.csv,  0,  22,  66,  121,  0,  0.944000,  0,  4,  452
..\tests\temp_505.csv,  0,  31,  1081,  3828,  0,  127.169000,  0,  4,  452
..\tests\temp_506.csv,  0,  20,  65,  117,  0,  0.707000,  0,  4,  452
..\tests\temp_507.csv,  0,  12,  15,  19,  0,  0.038000,  0,  4,  452
..\tests\temp_508.csv,  0,  22,  54,  87,  0,  0.725000,  0,  4,  452
..\tests\temp_509.csv,  1,  24,  88,  151,  0,  1.508000,  0,  4,  453
..\tests\temp_510.csv,  0,  24,  95,  166,  0,  1.708000,  0,  4,  453
..\tests\temp_511.csv,  0,  27,  420,  1001,  0,  15.652000,  0,  4,  453
..\tests\temp_512.csv,  0,  16,  18,  22,  0,  0.090000,  0,  4,  453
..\tests\temp_513.csv,  0,  18,  73,  152,  0,  0.666000,  0,  4,  453
..\tests\temp_514.csv,  0,  29,  271,  637,  0,  10.680000,  0,  4,  453
..\tests\temp_515.csv,  0,  32,  539,  1626,  0,  42.822000,  0,  4,  453
..\tests\temp_516.csv,  0,  15,  20,  30,  0,  0.095000,  0,  4,  453
..\tests\temp_517.csv,  0,  21,  57,  98,  0,  0.713000,  0,  4,  453
..\tests\temp_518.csv,  0,  32,  1401,  4860,  0,  207.059000,  0,  4,  453
..\tests\temp_519.csv,  0,  21,  60,  101,  0,  0.722000,  0,  4,  453
..\tests\temp_520.csv,  0,  16,  16,  17,  0,  0.077000,  0,  4,  453
..\tests\temp_521.csv,  1,  22,  83,  152,  0,  1.206000,  0,  4,  454
..\tests\temp_522.csv,  0,  18,  22,  26,  0,  0.149000,  0,  4,  454
..\tests\temp_523.csv,  0,  31,  638,  1955,  0,  48.312000,  0,  4,  454
..\tests\temp_524.csv,  0,  27,  429,  1008,  0,  15.926000,  0,  4,  454
..\tests\temp_525.csv,  0,  17,  40,  63,  0,  0.256000,  0,  4,  454
..\tests\temp_526.csv,  0,  20,  51,  86,  0,  0.529000,  0,  4,  454
..\tests\temp_527.csv,  0,  12,  10,  10,  0,  0.023000,  0,  4,  454
..\tests\temp_528.csv,  0,  17,  29,  39,  0,  0.185000,  0,  4,  454
..\tests\temp_529.csv,  0,  29,  480,  1128,  0,  21.682000,  0,  4,  454
..\tests\temp_530.csv,  1,  22,  62,  107,  0,  0.832000,  0,  4,  455
..\tests\temp_531.csv,  0,  11,  9,  9,  0,  0.016000,  0,  4,  455
..\tests\temp_532.csv,  0,  21,  71,  135,  0,  0.922000,  0,  4,  455
..\tests\temp_533.csv,  0,  12,  6,  6,  0,  0.012000,  0,  4,  455
..\tests\temp_534.csv,  0,  12,  14,  18,  0,  0.036000,  0,  4,  455
..\tests\temp_535.csv,  0,  30,  352,  763,  0,  14.437000,  0,  4,  455
..\tests\temp_536.csv,  1,  30,  446,  1120,  0,  20.710000,  0,  4,  456
..\tests\temp_537.csv,  1,  32,  969,  3101,  0,  98.656000,  0,  4,  457
..\tests\temp_538.csv,  0,  11,  13,  16,  0,  0.027000,  0,  4,  457
..\tests\temp_539.csv,  0,  17,  29,  41,  0,  0.181000,  0,  4,  457
..\tests\temp_540.csv,  0,  11,  9,  9,  0,  0.016000,  0,  4,  457
..\tests\temp_541.csv,  1,  30,  406,  913,  0,  19.160000,  0,  4,  458
..\tests\temp_542.csv,  0,  18,  39,  63,  0,  0.299000,  0,  4,  458
..\tests\temp_543.csv,  1,  28,  176,  350,  0,  5.080000,  0,  4,  459
..\tests\temp_544.csv,  0,  23,  94,  182,  0,  1.543000,  0,  4,  459
..\tests\temp_545.csv,  0,  14,  14,  16,  0,  0.047000,  0,  4,  459
..\tests\temp_546.csv,  0,  29,  464,  1001,  0,  19.053000,  0,  4,  459
..\tests\temp_547.csv,  1,  28,  357,  849,  0,  14.008000,  0,  4,  460
..\tests\temp_548.csv,  0,  21,  56,  95,  0,  0.642000,  0,  4,  460
..\tests\temp_549.csv,  0,  11,  13,  16,  0,  0.026000,  0,  4,  460
..\tests\temp_550.csv,  0,  20,  86,  165,  0,  0.988000,  0,  4,  460
..\tests\temp_551.csv,  1,  21,  52,  87,  0,  0.595000,  0,  4,  461
..\tests\temp_552.csv,  1,  14,  20,  24,  0,  0.078000,  0,  4,  462
..\tests\temp_553.csv,  0,  12,  10,  10,  0,  0.025000,  0,  4,  462
..\tests\temp_554.csv,  0,  16,  20,  27,  0,  0.108000,  0,  4,  462
..\tests\temp_555.csv,  0,  23,  71,  124,  0,  1.061000,  0,  4,  462
..\tests\temp_556.csv,  0,  17,  40,  64,  0,  0.256000,  0,  4,  462
..\tests\temp_557.csv,  0,  23,  73,  119,  0,  1.076000,  0,  4,  462
..\tests\temp_558.csv,  0,  11,  7,  7,  0,  0.012000,  0,  4,  462
..\tests\temp_559.csv,  0,  15,  19,  28,  0,  0.081000,  0,  4,  462
..\tests\temp_560.csv,  0,  20,  78,  151,  0,  0.945000,  0,  4,  462
..\tests\temp_561.csv,  0,  25,  159,  333,  0,  3.506000,  0,  4,  462
..\tests\temp_562.csv,  0,  32,  1269,  4383,  0,  170.822000,  0,  4,  462
..\tests\temp_563.csv,  0,  12,  7,  7,  0,  0.014000,  0,  4,  462
..\tests\temp_564.csv,  0,  16,  24,  33,  0,  0.123000,  0,  4,  462
..\tests\temp_565.csv,  0,  11,  5,  5,  0,  0.007000,  0,  4,  462
..\tests\temp_566.csv,  0,  16,  22,  30,  0,  0.105000,  0,  4,  462
..\tests\temp_567.csv,  1,  26,  140,  327,  0,  3.590000,  0,  4,  463
..\tests\temp_568.csv,  0,  16,  25,  35,  0,  0.130000,  0,  4,  463
..\tests\temp_569.csv,  0,  20,  68,  130,  0,  0.708000,  0,  4,  463
..\tests\temp_570.csv,  0,  15,  23,  33,  0,  0.101000,  0,  4,  463
..\tests\temp_571.csv,  1,  32,  492,  1344,  0,  31.443000,  0,  4,  464
..\tests\temp_572.csv,  0,  12,  11,  11,  0,  0.025000,  0,  4,  464
..\tests\temp_573.csv,  0,  21,  63,  108,  0,  0.743000,  0,  4,  464
..\tests\temp_574.csv,  0,  12,  14,  18,  0,  0.034000,  0,  4,  464
..\tests\temp_575.csv,  0,  20,  32,  42,  0,  0.318000,  0,  4,  464
..\tests\temp_576.csv,  0,  14,  18,  23,  0,  0.066000,  0,  4,  464
..\tests\temp_577.csv,  0,  22,  91,  177,  0,  1.324000,  0,  4,  464
..\tests\temp_578.csv,  0,  12,  10,  10,  0,  0.023000,  0,  4,  464
..\tests\temp_579.csv,  0,  15,  22,  29,  0,  0.097000,  0,  4,  464
..\tests\temp_580.csv,  1,  32,  446,  1252,  0,  27.855000,  0,  4,  465
..\tests\temp_581.csv,  0,  29,  353,  901,  0,  15.216000,  0,  4,  465
..\tests\temp_582.csv,  0,  22,  98,  194,  0,  1.411000,  0,  4,  465
..\tests\temp_583.csv,  1,  17,  18,  17,  0,  0.101000,  0,  4,  466
..\tests\temp_584.csv,  0,  23,  75,  122,  0,  1.122000,  0,  4,  466
..\tests\temp_585.csv,  0,  21,  34,  51,  0,  0.373000,  0,  4,  466
..\tests\temp_586.csv,  0,  17,  23,  30,  0,  0.139000,  0,  4,  466
..\tests\temp_587.csv,  1,  27,  144,  308,  0,  3.862000,  0,  4,  467
..\tests\temp_588.csv,  1,  22,  74,  140,  0,  0.976000,  0,  4,  468
..\tests\temp_589.csv,  1,  27,  444,  1176,  0,  17.279000,  0,  4,  469
..\tests\temp_590.csv,  0,  20,  38,  54,  0,  0.366000,  0,  4,  469
..\tests\temp_591.csv,  0,  12,  8,  8,  0,  0.017000,  0,  4,  469
..\tests\temp_592.csv,  0,  21,  73,  127,  0,  0.886000,  0,  4,  469
..\tests\temp_593.csv,  0,  12,  9,  12,  0,  0.019000,  0,  4,  469
..\tests\temp_594.csv,  0,  23,  114,  230,  0,  1.889000,  0,  4,  469
..\tests\temp_595.csv,  1,  32,  622,  1468,  0,  40.909000,  0,  4,  470
..\tests\temp_596.csv,  0,  16,  24,  33,  0,  0.123000,  0,  4,  470
..\tests\temp_597.csv,  0,  20,  58,  111,  0,  0.603000,  0,  4,  470
..\tests\temp_598.csv,  0,  21,  60,  107,  0,  0.703000,  0,  4,  470
..\tests\temp_599.csv,  1,  29,  235,  517,  0,  7.981000,  0,  4,  471
..\tests\temp_600.csv,  0,  28,  147,  301,  0,  4.117000,  0,  4,  471
..\tests\temp_601.csv,  0,  19,  34,  76,  0,  0.287000,  0,  4,  471
..\tests\temp_602.csv,  0,  16,  19,  28,  0,  0.085000,  0,  4,  471
..\tests\temp_603.csv,  0,  21,  65,  124,  0,  0.790000,  0,  4,  471
..\tests\temp_604.csv,  0,  22,  66,  121,  0,  0.890000,  0,  4,  471
..\tests\temp_605.csv,  0,  31,  1076,  3823,  0,  126.280000,  0,  4,  471
..\tests\temp_606.csv,  0,  20,  58,  108,  0,  0.706000,  0,  4,  471
..\tests\temp_607.csv,  0,  12,  15,  19,  0,  0.043000,  0,  4,  471
..\tests\temp_608.csv,  0,  22,  53,  86,  0,  0.762000,  0,  4,  471
..\tests\temp_609.csv,  0,  24,  72,  127,  0,  1.416000,  0,  4,  471
..\tests\temp_610.csv,  0,  24,  81,  146,  0,  1.528000,  0,  4,  471
..\tests\temp_611.csv,  0,  27,  413,  994,  0,  17.234000,  0,  4,  471
..\tests\temp_612.csv,  0,  16,  18,  22,  0,  0.102000,  0,  4,  471
..\tests\temp_613.csv,  0,  18,  28,  61,  0,  0.214000,  0,  4,  471
..\tests\temp_614.csv,  0,  29,  271,  637,  0,  12.193000,  0,  4,  471
..\tests\temp_615.csv,  0,  32,  532,  1619,  0,  42.206000,  0,  4,  471
..\tests\temp_616.csv,  0,  15,  17,  26,  0,  0.075000,  0,  4,  471
..\tests\temp_617.csv,  0,  21,  57,  98,  0,  0.703000,  0,  4,  471
..\tests\temp_618.csv,  0,  32,  1394,  4853,  0,  203.394000,  0,  4,  471
..\tests\temp_619.csv,  0,  21,  59,  100,  0,  0.708000,  0,  4,  471
..\tests\temp_620.csv,  0,  16,  12,  12,  0,  0.050000,  0,  4,  471
..\tests\temp_621.csv,  0,  22,  82,  152,  0,  1.209000,  0,  4,  471
..\tests\temp_622.csv,  0,  18,  22,  26,  0,  0.153000,  0,  4,  471
..\tests\temp_623.csv,  0,  31,  636,  1953,  0,  48.596000,  0,  4,  471
..\tests\temp_624.csv,  0,  27,  427,  1006,  0,  16.476000,  0,  4,  471
..\tests\temp_625.csv,  0,  17,  36,  59,  0,  0.232000,  0,  4,  471
..\tests\temp_626.csv,  0,  20,  50,  85,  0,  0.524000,  0,  4,  471
..\tests\temp_627.csv,  0,  12,  6,  6,  0,  0.012000,  0,  4,  471
..\tests\temp_628.csv,  0,  17,  26,  36,  0,  0.163000,  0,  4,  471
..\tests\temp_629.csv,  0,  29,  478,  1126,  0,  22.180000,  0,  4,  471
..\tests\temp_630.csv,  0,  22,  59,  105,  0,  0.852000,  0,  4,  471
..\tests\temp_631.csv,  0,  11,  5,  5,  0,  0.008000,  0,  4,  471
..\tests\temp_632.csv,  0,  21,  71,  135,  0,  0.961000,  0,  4,  471
..\tests\temp_633.csv,  0,  12,  6,  6,  0,  0.012000,  0,  4,  471
..\tests\temp_634.csv,  0,  12,  6,  8,  0,  0.012000,  0,  4,  471
..\tests\temp_635.csv,  0,  30,  350,  761,  0,  14.735000,  0,  4,  471
..\tests\temp_636.csv,  0,  30,  423,  1084,  0,  20.338000,  0,  4,  471
..\tests\temp_637.csv,  0,  32,  968,  3101,  0,  99.483000,  0,  4,  471
..\tests\temp_638.csv,  0,  11,  13,  16,  0,  0.026000,  0,  4,  471
..\tests\temp_639.csv,  0,  17,  26,  38,  0,  0.154000,  0,  4,  471
..\tests\temp_640.csv,  0,  11,  9,  9,  0,  0.016000,  0,  4,  471
..\tests\temp_641.csv,  1,  30,  406,  913,  0,  18.908000,  0,  4,  472
..\tests\temp_642.csv,  0,  18,  39,  63,  0,  0.294000,  0,  4,  472
..\tests\temp_643.csv,  0,  28,  169,  344,  0,  4.763000,  0,  4,  472
..\tests\temp_644.csv,  0,  23,  90,  178,  0,  1.426000,  0,  4,  472
..\tests\temp_645.csv,  0,  14,  14,  16,  0,  0.047000,  0,  4,  472
..\tests\temp_646.csv,  0,  29,  462,  999,  0,  18.643000,  0,  4,  472
..\tests\temp_647.csv,  0,  28,  338,  823,  0,  12.903000,  0,  4,  472
..\tests\temp_648.csv,  0,  21,  49,  86,  0,  0.536000,  0,  4,  472
..\tests\temp_649.csv,  0,  11,  2,  2,  0,  0.003000,  0,  4,  472
..\tests\temp_650.csv,  0,  20,  83,  162,  0,  0.919000,  0,  4,  472
..\tests\temp_651.csv,  1,  21,  52,  87,  0,  0.584000,  0,  4,  473
..\tests\temp_652.csv,  0,  14,  18,  23,  0,  0.065000,  0,  4,  473
..\tests\temp_653.csv,  0,  12,  10,  10,  0,  0.025000,  0,  4,  473
..\tests\temp_654.csv,  0,  16,  11,  14,  0,  0.044000,  0,  4,  473
..\tests\temp_655.csv,  0,  23,  68,  121,  0,  0.978000,  0,  4,  473
..\tests\temp_656.csv,  0,  17,  38,  62,  0,  0.238000,  0,  4,  473
..\tests\temp_657.csv,  0,  23,  72,  118,  0,  1.031000,  0,  4,  473
..\tests\temp_658.csv,  0,  11,  7,  7,  0,  0.012000,  0,  4,  473
..\tests\temp_659.csv,  0,  15,  13,  19,  0,  0.050000,  0,  4,  473
..\tests\temp_660.csv,  0,  20,  67,  135,  0,  0.751000,  0,  4,  473
..\tests\temp_661.csv,  0,  25,  155,  325,  0,  3.324000,  0,  4,  473
..\tests\temp_662.csv,  0,  32,  1248,  4352,  0,  166.603000,  0,  4,  473
..\tests\temp_663.csv,  0,  12,  7,  7,  0,  0.014000,  0,  4,  473
..\tests\temp_664.csv,  0,  16,  21,  30,  0,  0.105000,  0,  4,  473
..\tests\temp_665.csv,  0,  11,  5,  5,  0,  0.008000,  0,  4,  473
..\tests\temp_666.csv,  0,  16,  13,  18,  0,  0.052000,  0,  4,  473
..\tests\temp_667.csv,  0,  26,  139,  327,  0,  3.595000,  0,  4,  473
..\tests\temp_668.csv,  0,  16,  22,  32,  0,  0.110000,  0,  4,  473
..\tests\temp_669.csv,  0,  20,  60,  120,  0,  0.607000,  0,  4,  473
..\tests\temp_670.csv,  0,  15,  20,  30,  0,  0.086000,  0,  4,  473
..\tests\temp_671.csv,  0,  32,  489,  1342,  0,  31.397000,  0,  4,  473
..\tests\temp_672.csv,  0,  12,  6,  6,  0,  0.012000,  0,  4,  473
..\tests\temp_673.csv,  0,  21,  63,  108,  0,  0.744000,  0,  4,  473
..\tests\temp_674.csv,  0,  12,  14,  18,  0,  0.034000,  0,  4,  473
..\tests\temp_675.csv,  0,  20,  29,  39,  0,  0.265000,  0,  4,  473
..\tests\temp_676.csv,  0,  14,  15,  20,  0,  0.053000,  0,  4,  473
..\tests\temp_677.csv,  0,  22,  86,  171,  0,  1.235000,  0,  4,  473
..\tests\temp_678.csv,  0,  12,  6,  6,  0,  0.011000,  0,  4,  473
..\tests\temp_679.csv,  0,  15,  16,  22,  0,  0.063000,  0,  4,  473
..\tests\temp_680.csv,  0,  32,  443,  1250,  0,  28.226000,  0,  4,  473
..\tests\temp_681.csv,  0,  29,  353,  901,  0,  16.057000,  0,  4,  473
..\tests\temp_682.csv,  0,  22,  97,  193,  0,  1.456000,  0,  4,  473
..\tests\temp_683.csv,  0,  17,  16,  16,  0,  0.087000,  0,  4,  473
..\tests\temp_684.csv,  0,  23,  50,  82,  0,  0.664000,  0,  4,  473
..\tests\temp_685.csv,  0,  21,  34,  51,  0,  0.386000,  0,  4,  473
..\tests\temp_686.csv,  0,  17,  23,  30,  0,  0.141000,  0,  4,  473
..\tests\temp_687.csv,  0,  27,  141,  306,  0,  3.929000,  0,  4,  473
..\tests\temp_688.csv,  0,  22,  73,  140,  0,  1.011000,  0,  4,  473
..\tests\temp_689.csv,  0,  27,  441,  1174,  0,  17.807000,  0,  4,  473
..\tests\temp_690.csv,  0,  20,  36,  52,  0,  0.383000,  0,  4,  473
..\tests\temp_691.csv,  0,  12,  6,  6,  0,  0.014000,  0,  4,  473
..\tests\temp_692.csv,  0,  21,  64,  115,  0,  0.750000,  0,  4,  473
..\tests\temp_693.csv,  0,  12,  9,  12,  0,  0.020000,  0,  4,  473
..\tests\temp_694.csv,  0,  23,  104,  217,  0,  1.672000,  0,  4,  473
..\tests\temp_695.csv,  0,  32,  621,  1468,  0,  40.662000,  0,  4,  473
..\tests\temp_696.csv,  0,  16,  21,  30,  0,  0.102000,  0,  4,  473
..\tests\temp_697.csv,  0,  20,  55,  108,  0,  0.567000,  0,  4,  473
..\tests\temp_698.csv,  0,  21,  55,  102,  0,  0.630000,  0,  4,  473
..\tests\temp_699.csv,  0,  29,  234,  517,  0,  7.900000,  0,  4,  473
..\tests\temp_700.csv,  0,  28,  141,  295,  0,  3.871000,  0,  4,  473
..\tests\temp_701.csv,  0,  19,  8,  10,  0,  0.038000,  0,  4,  473
..\tests\temp_702.csv,  0,  16,  5,  6,  0,  0.014000,  0,  4,  473
..\tests\temp_703.csv,  0,  21,  35,  59,  0,  0.314000,  0,  4,  473
..\tests\temp_704.csv,  0,  22,  60,  113,  0,  0.783000,  0,  4,  473
..\tests\temp_705.csv,  0,  31,  1049,  3777,  0,  119.785000,  0,  4,  473
..\tests\temp_706.csv,  0,  20,  39,  82,  0,  0.380000,  0,  4,  473
..\tests\temp_707.csv,  0,  12,  9,  12,  0,  0.020000,  0,  4,  473
..\tests\temp_708.csv,  0,  22,  50,  83,  0,  0.630000,  0,  4,  473
..\tests\temp_709.csv,  0,  24,  64,  116,  0,  0.990000,  0,  4,  473
..\tests\temp_710.csv,  0,  24,  60,  108,  0,  0.915000,  0,  4,  473
..\tests\temp_711.csv,  0,  27,  379,  921,  0,  13.455000,  0,  4,  473
..\tests\temp_712.csv,  0,  16,  14,  18,  0,  0.065000,  0,  4,  473
..\tests\temp_713.csv,  0,  18,  28,  61,  0,  0.189000,  0,  4,  473
..\tests\temp_714.csv,  0,  29,  240,  571,  0,  9.304000,  0,  4,  473
..\tests\temp_715.csv,  0,  32,  371,  1167,  0,  23.285000,  0,  4,  473
..\tests\temp_716.csv,  0,  15,  7,  8,  0,  0.020000,  0,  4,  473
..\tests\temp_717.csv,  0,  21,  55,  96,  0,  0.640000,  0,  4,  473
..\tests\temp_718.csv,  0,  32,  1359,  4787,  0,  188.400000,  0,  4,  473
..\tests\temp_719.csv,  0,  21,  47,  83,  0,  0.508000,  0,  4,  473
..\tests\temp_720.csv,  0,  16,  9,  9,  0,  0.033000,  0,  4,  473
..\tests\temp_721.csv,  0,  22,  73,  140,  0,  0.984000,  0,  4,  473
..\tests\temp_722.csv,  0,  18,  19,  23,  0,  0.120000,  0,  4,  473
..\tests\temp_723.csv,  0,  31,  623,  1933,  0,  45.235000,  0,  4,  473
..\tests\temp_724.csv,  0,  27,  390,  931,  0,  13.455000,  0,  4,  473
..\tests\temp_725.csv,  0,  17,  36,  59,  0,  0.219000,  0,  4,  473
..\tests\temp_726.csv,  0,  20,  48,  83,  0,  0.483000,  0,  4,  473
..\tests\temp_727.csv,  0,  12,  6,  6,  0,  0.011000,  0,  4,  473
..\tests\temp_728.csv,  0,  17,  26,  36,  0,  0.157000,  0,  4,  473
..\tests\temp_729.csv,  0,  29,  440,  1058,  0,  18.742000,  0,  4,  473
..\tests\temp_730.csv,  0,  22,  47,  86,  0,  0.568000,  0,  4,  473
..\tests\temp_731.csv,  0,  11,  5,  5,  0,  0.008000,  0,  4,  473
..\tests\temp_732.csv,  0,  21,  34,  70,  0,  0.351000,  0,  4,  473
..\tests\temp_733.csv,  0,  12,  4,  4,  0,  0.006000,  0,  4,  473
..\tests\temp_734.csv,  0,  12,  6,  8,  0,  0.012000,  0,  4,  473
..\tests\temp_735.csv,  0,  30,  337,  741,  0,  13.387000,  0,  4,  473
..\tests\temp_736.csv,  0,  30,  412,  1058,  0,  18.036000,  0,  4,  473
..\tests\temp_737.csv,  0,  32,  906,  2981,  0,  89.322000,  0,  4,  473
..\tests\temp_738.csv,  0,  11,  5,  6,  0,  0.007000,  0,  4,  473
..\tests\temp_739.csv,  0,  17,  24,  35,  0,  0.139000,  0,  4,  473
..\tests\temp_740.csv,  0,  11,  4,  4,  0,  0.005000,  0,  4,  473
..\tests\temp_741.csv,  0,  30,  398,  906,  0,  18.361000,  0,  4,  473
..\tests\temp_742.csv,  0,  18,  28,  47,  0,  0.190000,  0,  4,  473
..\tests\temp_743.csv,  0,  28,  165,  337,  0,  4.572000,  0,  4,  473
..\tests\temp_744.csv,  0,  23,  86,  172,  0,  1.335000,  0,  4,  473
..\tests\temp_745.csv,  0,  14,  10,  12,  0,  0.029000,  0,  4,  473
..\tests\temp_746.csv,  0,  29,  449,  979,  0,  17.652000,  0,  4,  473
..\tests\temp_747.csv,  0,  28,  321,  788,  0,  11.904000,  0,  4,  473
..\tests\temp_748.csv,  0,  21,  34,  57,  0,  0.319000,  0,  4,  473
..\tests\temp_749.csv,  0,  11,  2,  2,  0,  0.002000,  0,  4,  473
..\tests\temp_750.csv,  0,  20,  67,  137,  0,  0.683000,  0,  4,  473
..\tests\temp_751.csv,  0,  21,  41,  73,  0,  0.436000,  0,  4,  473
..\tests\temp_752.csv,  0,  14,  7,  8,  0,  0.018000,  0,  4,  473
..\tests\temp_753.csv,  0,  12,  6,  6,  0,  0.014000,  0,  4,  473
..\tests\temp_754.csv,  0,  16,  4,  4,  0,  0.010000,  0,  4,  473
..\tests\temp_755.csv,  0,  23,  52,  90,  0,  0.655000,  0,  4,  473
..\tests\temp_756.csv,  0,  17,  33,  56,  0,  0.198000,  0,  4,  473
..\tests\temp_757.csv,  0,  23,  70,  116,  0,  1.014000,  0,  4,  473
..\tests\temp_758.csv,  0,  11,  4,  4,  0,  0.006000,  0,  4,  473
..\tests\temp_759.csv,  0,  15,  7,  8,  0,  0.020000,  0,  4,  473
..\tests\temp_760.csv,  0,  20,  67,  135,  0,  0.733000,  0,  4,  473
..\tests\temp_761.csv,  0,  25,  151,  319,  0,  3.206000,  0,  4,  473
..\tests\temp_762.csv,  0,  32,  995,  3626,  0,  117.985000,  0,  4,  473
..\tests\temp_763.csv,  0,  12,  7,  7,  0,  0.013000,  0,  4,  473
..\tests\temp_764.csv,  0,  16,  7,  8,  0,  0.023000,  0,  4,  473
..\tests\temp_765.csv,  0,  11,  4,  4,  0,  0.006000,  0,  4,  473
..\tests\temp_766.csv,  0,  16,  7,  10,  0,  0.022000,  0,  4,  473
..\tests\temp_767.csv,  0,  26,  126,  308,  0,  3.185000,  0,  4,  473
..\tests\temp_768.csv,  0,  16,  22,  32,  0,  0.114000,  0,  4,  473
..\tests\temp_769.csv,  0,  20,  38,  76,  0,  0.325000,  0,  4,  473
..\tests\temp_770.csv,  0,  15,  7,  8,  0,  0.021000,  0,  4,  473
..\tests\temp_771.csv,  0,  32,  465,  1304,  0,  29.321000,  0,  4,  473
..\tests\temp_772.csv,  0,  12,  6,  6,  0,  0.011000,  0,  4,  473
..\tests\temp_773.csv,  0,  21,  55,  97,  0,  0.626000,  0,  4,  473
..\tests\temp_774.csv,  0,  12,  10,  14,  0,  0.023000,  0,  4,  473
..\tests\temp_775.csv,  0,  20,  25,  33,  0,  0.216000,  0,  4,  473
..\tests\temp_776.csv,  0,  14,  14,  18,  0,  0.045000,  0,  4,  473
..\tests\temp_777.csv,  0,  22,  86,  171,  0,  1.248000,  0,  4,  473
..\tests\temp_778.csv,  0,  12,  6,  6,  0,  0.011000,  0,  4,  473
..\tests\temp_779.csv,  0,  15,  16,  22,  0,  0.063000,  0,  4,  473
..\tests\temp_780.csv,  0,  32,  380,  1117,  0,  22.586000,  0,  4,  473
..\tests\temp_781.csv,  0,  29,  344,  889,  0,  14.702000,  0,  4,  473
..\tests\temp_782.csv,  0,  22,  89,  182,  0,  1.246000,  0,  4,  473
..\tests\temp_783.csv,  0,  17,  16,  16,  0,  0.085000,  0,  4,  473
..\tests\temp_784.csv,  0,  23,  44,  73,  0,  0.542000,  0,  4,  473
..\tests\temp_785.csv,  0,  21,  32,  49,  0,  0.345000,  0,  4,  473
..\tests\temp_786.csv,  0,  17,  20,  27,  0,  0.116000,  0,  4,  473
..\tests\temp_787.csv,  0,  27,  62,  113,  0,  1.158000,  0,  4,  473
..\tests\temp_788.csv,  0,  22,  62,  125,  0,  0.771000,  0,  4,  473
..\tests\temp_789.csv,  0,  27,  436,  1169,  0,  16.900000,  0,  4,  473
..\tests\temp_790.csv,  0,  20,  30,  43,  0,  0.268000,  0,  4,  473
..\tests\temp_791.csv,  0,  12,  6,  6,  0,  0.011000,  0,  4,  473
..\tests\temp_792.csv,  0,  21,  56,  105,  0,  0.622000,  0,  4,  473
..\tests\temp_793.csv,  0,  12,  6,  8,  0,  0.012000,  0,  4,  473
..\tests\temp_794.csv,  0,  23,  93,  196,  0,  1.457000,  0,  4,  473
..\tests\temp_795.csv,  0,  32,  614,  1461,  0,  40.036000,  0,  4,  473
..\tests\temp_796.csv,  0,  16,  21,  30,  0,  0.104000,  0,  4,  473
..\tests\temp_797.csv,  0,  20,  36,  73,  0,  0.325000,  0,  4,  473
..\tests\temp_798.csv,  0,  21,  40,  79,  0,  0.416000,  0,  4,  473
..\tests\temp_799.csv,  0,  29,  232,  515,  0,  7.856000,  0,  4,  473
..\tests\temp_800.csv,  0,  28,  136,  286,  0,  3.828000,  0,  4,  473
..\tests\temp_801.csv,  0,  19,  8,  10,  0,  0.038000,  0,  4,  473
..\tests\temp_802.csv,  0,  16,  5,  6,  0,  0.015000,  0,  4,  473
..\tests\temp_803.csv,  0,  21,  35,  59,  0,  0.323000,  0,  4,  473
..\tests\temp_804.csv,  0,  22,  47,  91,  0,  0.579000,  0,  4,  473
..\tests\temp_805.csv,  0,  31,  616,  2428,  0,  53.962000,  0,  4,  473
..\tests\temp_806.csv,  0,  20,  8,  10,  0,  0.043000,  0,  4,  473
..\tests\temp_807.csv,  0,  12,  9,  12,  0,  0.020000,  0,  4,  473
..\tests\temp_808.csv,  0,  22,  47,  79,  0,  0.581000,  0,  4,  473
..\tests\temp_809.csv,  0,  24,  38,  81,  0,  0.521000,  0,  4,  473
..\tests\temp_810.csv,  0,  24,  39,  70,  0,  0.531000,  0,  4,  473
..\tests\temp_811.csv,  0,  27,  320,  777,  0,  10.348000,  0,  4,  473
..\tests\temp_812.csv,  0,  16,  14,  18,  0,  0.066000,  0,  4,  473
..\tests\temp_813.csv,  0,  18,  12,  19,  0,  0.061000,  0,  4,  473
..\tests\temp_814.csv,  0,  29,  102,  225,  0,  2.734000,  0,  4,  473
..\tests\temp_815.csv,  0,  32,  322,  1003,  0,  19.820000,  0,  4,  473
..\tests\temp_816.csv,  0,  15,  7,  8,  0,  0.024000,  0,  4,  473
..\tests\temp_817.csv,  0,  21,  48,  86,  0,  0.603000,  0,  4,  473
..\tests\temp_818.csv,  0,  32,  1072,  3959,  0,  142.410000,  0,  4,  473
..\tests\temp_819.csv,  0,  21,  41,  73,  0,  0.451000,  0,  4,  473
..\tests\temp_820.csv,  0,  16,  7,  7,  0,  0.024000,  0,  4,  473
..\tests\temp_821.csv,  0,  22,  64,  125,  0,  0.872000,  0,  4,  473
..\tests\temp_822.csv,  0,  18,  17,  20,  0,  0.109000,  0,  4,  473
..\tests\temp_823.csv,  0,  31,  536,  1737,  0,  38.641000,  0,  4,  473
..\tests\temp_824.csv,  0,  27,  323,  829,  0,  11.248000,  0,  4,  473
..\tests\temp_825.csv,  0,  17,  29,  50,  0,  0.173000,  0,  4,  473
..\tests\temp_826.csv,  0,  20,  44,  78,  0,  0.452000,  0,  4,  473
..\tests\temp_827.csv,  0,  12,  4,  4,  0,  0.007000,  0,  4,  473
..\tests\temp_828.csv,  0,  17,  26,  36,  0,  0.167000,  0,  4,  473
..\tests\temp_829.csv,  0,  29,  356,  840,  0,  13.435000,  0,  4,  473
..\tests\temp_830.csv,  0,  22,  43,  79,  0,  0.525000,  0,  4,  473
..\tests\temp_831.csv,  0,  11,  5,  5,  0,  0.008000,  0,  4,  473
..\tests\temp_832.csv,  0,  21,  13,  20,  0,  0.098000,  0,  4,  473
..\tests\temp_833.csv,  0,  12,  4,  4,  0,  0.007000,  0,  4,  473
..\tests\temp_834.csv,  0,  12,  6,  8,  0,  0.011000,  0,  4,  473
..\tests\temp_835.csv,  0,  30,  323,  711,  0,  12.867000,  0,  4,  473
..\tests\temp_836.csv,  0,  30,  367,  952,  0,  16.104000,  0,  4,  473
..\tests\temp_837.csv,  0,  32,  805,  2699,  0,  80.112000,  0,  4,  473
..\tests\temp_838.csv,  0,  11,  5,  6,  0,  0.008000,  0,  4,  473
..\tests\temp_839.csv,  0,  17,  21,  32,  0,  0.127000,  0,  4,  473
..\tests\temp_840.csv,  0,  11,  4,  4,  0,  0.006000,  0,  4,  473
..\tests\temp_841.csv,  0,  30,  348,  797,  0,  16.527000,  0,  4,  473
..\tests\temp_842.csv,  0,  18,  21,  33,  0,  0.152000,  0,  4,  473
..\tests\temp_843.csv,  0,  28,  144,  293,  0,  4.122000,  0,  4,  473
..\tests\temp_844.csv,  0,  23,  40,  74,  0,  0.547000,  0,  4,  473
..\tests\temp_845.csv,  0,  14,  10,  12,  0,  0.032000,  0,  4,  473
..\tests\temp_846.csv,  0,  29,  410,  888,  0,  16.197000,  0,  4,  473
..\tests\temp_847.csv,  0,  28,  264,  660,  0,  9.849000,  0,  4,  473
..\tests\temp_848.csv,  0,  21,  34,  57,  0,  0.380000,  0,  4,  473
..\tests\temp_849.csv,  0,  11,  2,  2,  0,  0.003000,  0,  4,  473
..\tests\temp_850.csv,  0,  20,  67,  137,  0,  0.760000,  0,  4,  473
..\tests\temp_851.csv,  0,  21,  33,  59,  0,  0.345000,  0,  4,  473
..\tests\temp_852.csv,  0,  14,  7,  8,  0,  0.018000,  0,  4,  473
..\tests\temp_853.csv,  0,  12,  6,  6,  0,  0.015000,  0,  4,  473
..\tests\temp_854.csv,  0,  16,  4,  4,  0,  0.010000,  0,  4,  473
..\tests\temp_855.csv,  0,  23,  49,  85,  0,  0.663000,  0,  4,  473
..\tests\temp_856.csv,  0,  17,  25,  43,  0,  0.165000,  0,  4,  473
..\tests\temp_857.csv,  0,  23,  64,  107,  0,  1.082000,  0,  4,  473
..\tests\temp_858.csv,  0,  11,  4,  4,  0,  0.010000,  0,  4,  473
..\tests\temp_859.csv,  0,  15,  7,  8,  0,  0.030000,  0,  4,  473
..\tests\temp_860.csv,  0,  20,  27,  54,  0,  0.245000,  0,  4,  473
..\tests\temp_861.csv,  0,  25,  143,  304,  0,  3.402000,  0,  4,  473
..\tests\temp_862.csv,  0,  32,  481,  1723,  0,  36.806000,  0,  4,  473
..\tests\temp_863.csv,  0,  12,  2,  2,  0,  0.003000,  0,  4,  473
..\tests\temp_864.csv,  0,  16,  7,  8,  0,  0.023000,  0,  4,  473
..\tests\temp_865.csv,  0,  11,  4,  4,  0,  0.008000,  0,  4,  473
..\tests\temp_866.csv,  0,  16,  7,  10,  0,  0.023000,  0,  4,  473
..\tests\temp_867.csv,  0,  26,  126,  308,  0,  3.435000,  0,  4,  473
..\tests\temp_868.csv,  0,  16,  14,  21,  0,  0.065000,  0,  4,  473
..\tests\temp_869.csv,  0,  20,  38,  76,  0,  0.332000,  0,  4,  473
..\tests\temp_870.csv,  0,  15,  7,  8,  0,  0.021000,  0,  4,  473
..\tests\temp_871.csv,  0,  32,  413,  1188,  0,  26.203000,  0,  4,  473
..\tests\temp_872.csv,  0,  12,  6,  6,  0,  0.011000,  0,  4,  473
..\tests\temp_873.csv,  0,  21,  51,  91,  0,  0.595000,  0,  4,  473
..\tests\temp_874.csv,  0,  12,  10,  14,  0,  0.023000,  0,  4,  473
..\tests\temp_875.csv,  0,  20,  25,  33,  0,  0.226000,  0,  4,  473
..\tests\temp_876.csv,  0,  14,  14,  18,  0,  0.046000,  0,  4,  473
..\tests\temp_877.csv,  0,  22,  76,  155,  0,  1.151000,  0,  4,  473
..\tests\temp_878.csv,  0,  12,  6,  6,  0,  0.012000,  0,  4,  473
..\tests\temp_879.csv,  0,  15,  7,  8,  0,  0.020000,  0,  4,  473
..\tests\temp_880.csv,  0,  32,  205,  558,  0,  8.617000,  0,  4,  473
..\tests\temp_881.csv,  0,  29,  241,  655,  0,  9.476000,  0,  4,  473
..\tests\temp_882.csv,  0,  22,  20,  45,  0,  0.205000,  0,  4,  473
..\tests\temp_883.csv,  0,  17,  12,  12,  0,  0.057000,  0,  4,  473
..\tests\temp_884.csv,  0,  23,  25,  44,  0,  0.282000,  0,  4,  473
..\tests\temp_885.csv,  0,  21,  32,  49,  0,  0.361000,  0,  4,  473
..\tests\temp_886.csv,  0,  17,  11,  14,  0,  0.053000,  0,  4,  473
..\tests\temp_887.csv,  0,  27,  62,  113,  0,  1.235000,  0,  4,  473
..\tests\temp_888.csv,  0,  22,  42,  88,  0,  0.488000,  0,  4,  473
..\tests\temp_889.csv,  0,  27,  412,  1117,  0,  16.366000,  0,  4,  473
..\tests\temp_890.csv,  0,  20,  30,  43,  0,  0.280000,  0,  4,  473
..\tests\temp_891.csv,  0,  12,  4,  4,  0,  0.006000,  0,  4,  473
..\tests\temp_892.csv,  0,  21,  25,  57,  0,  0.248000,  0,  4,  473
..\tests\temp_893.csv,  0,  12,  6,  8,  0,  0.012000,  0,  4,  473
..\tests\temp_894.csv,  0,  23,  87,  183,  0,  1.387000,  0,  4,  473
..\tests\temp_895.csv,  0,  32,  576,  1380,  0,  37.650000,  0,  4,  473
..\tests\temp_896.csv,  0,  16,  9,  12,  0,  0.034000,  0,  4,  473
..\tests\temp_897.csv,  0,  20,  17,  27,  0,  0.111000,  0,  4,  473
..\tests\temp_898.csv,  0,  21,  18,  30,  0,  0.144000,  0,  4,  473
..\tests\temp_899.csv,  0,  29,  228,  511,  0,  7.930000,  0,  4,  473
..\tests\temp_900.csv,  0,  28,  108,  227,  0,  2.732000,  0,  4,  473
..\tests\temp_901.csv,  0,  19,  7,  7,  0,  0.030000,  0,  4,  473
..\tests\temp_902.csv,  0,  16,  5,  6,  0,  0.016000,  0,  4,  473
..\tests\temp_903.csv,  0,  21,  21,  35,  0,  0.158000,  0,  4,  473
..\tests\temp_904.csv,  0,  22,  33,  57,  0,  0.360000,  0,  4,  473
..\tests\temp_905.csv,  0,  31,  255,  1013,  0,  13.941000,  0,  4,  473
..\tests\temp_906.csv,  0,  20,  8,  10,  0,  0.042000,  0,  4,  473
..\tests\temp_907.csv,  0,  12,  5,  6,  0,  0.009000,  0,  4,  473
..\tests\temp_908.csv,  0,  22,  47,  79,  0,  0.592000,  0,  4,  473
..\tests\temp_909.csv,  0,  24,  38,  81,  0,  0.538000,  0,  4,  473
..\tests\temp_910.csv,  0,  24,  39,  70,  0,  0.547000,  0,  4,  473
..\tests\temp_911.csv,  0,  27,  176,  463,  0,  4.434000,  0,  4,  473
..\tests\temp_912.csv,  0,  16,  9,  10,  0,  0.033000,  0,  4,  473
..\tests\temp_913.csv,  0,  18,  12,  19,  0,  0.061000,  0,  4,  473
..\tests\temp_914.csv,  0,  29,  79,  164,  0,  1.851000,  0,  4,  473
..\tests\temp_915.csv,  0,  32,  182,  528,  0,  8.038000,  0,  4,  473
..\tests\temp_916.csv,  0,  15,  5,  5,  0,  0.012000,  0,  4,  473
..\tests\temp_917.csv,  0,  21,  39,  71,  0,  0.431000,  0,  4,  473
..\tests\temp_918.csv,  0,  32,  378,  1315,  0,  22.305000,  0,  4,  473
..\tests\temp_919.csv,  0,  21,  41,  73,  0,  0.439000,  0,  4,  473
..\tests\temp_920.csv,  0,  16,  7,  7,  0,  0.024000,  0,  4,  473
..\tests\temp_921.csv,  0,  22,  64,  125,  0,  0.848000,  0,  4,  473
..\tests\temp_922.csv,  0,  18,  17,  20,  0,  0.108000,  0,  4,  473
..\tests\temp_923.csv,  0,  31,  536,  1737,  0,  38.266000,  0,  4,  473
..\tests\temp_924.csv,  0,  27,  282,  762,  0,  9.069000,  0,  4,  473
..\tests\temp_925.csv,  0,  17,  29,  50,  0,  0.167000,  0,  4,  473
..\tests\temp_926.csv,  0,  20,  20,  31,  0,  0.151000,  0,  4,  473
..\tests\temp_927.csv,  0,  12,  4,  4,  0,  0.007000,  0,  4,  473
..\tests\temp_928.csv,  0,  17,  17,  26,  0,  0.096000,  0,  4,  473
..\tests\temp_929.csv,  0,  29,  190,  516,  0,  5.649000,  0,  4,  473
..\tests\temp_930.csv,  0,  22,  43,  79,  0,  0.511000,  0,  4,  473
..\tests\temp_931.csv,  0,  11,  4,  4,  0,  0.005000,  0,  4,  473
..\tests\temp_932.csv,  0,  21,  13,  20,  0,  0.092000,  0,  4,  473
..\tests\temp_933.csv,  0,  12,  4,  4,  0,  0.006000,  0,  4,  473
..\tests\temp_934.csv,  0,  12,  3,  3,  0,  0.004000,  0,  4,  473
..\tests\temp_935.csv,  0,  30,  267,  576,  0,  9.230000,  0,  4,  473
..\tests\temp_936.csv,  0,  30,  280,  797,  0,  10.938000,  0,  4,  473
..\tests\temp_937.csv,  0,  32,  571,  1901,  0,  41.901000,  0,  4,  473
..\tests\temp_938.csv,  0,  11,  5,  6,  0,  0.007000,  0,  4,  473
..\tests\temp_939.csv,  0,  17,  21,  32,  0,  0.117000,  0,  4,  473
..\tests\temp_940.csv,  0,  11,  4,  4,  0,  0.006000,  0,  4,  473
..\tests\temp_941.csv,  0,  30,  348,  797,  0,  15.320000,  0,  4,  473
..\tests\temp_942.csv,  0,  18,  21,  33,  0,  0.133000,  0,  4,  473
..\tests\temp_943.csv,  0,  28,  144,  293,  0,  3.816000,  0,  4,  473
..\tests\temp_944.csv,  0,  23,  40,  74,  0,  0.475000,  0,  4,  473
..\tests\temp_945.csv,  0,  14,  10,  12,  0,  0.030000,  0,  4,  473
..\tests\temp_946.csv,  0,  29,  379,  795,  0,  12.898000,  0,  4,  473
..\tests\temp_947.csv,  0,  28,  264,  660,  0,  9.068000,  0,  4,  473
..\tests\temp_948.csv,  0,  21,  23,  38,  0,  0.187000,  0,  4,  473
..\tests\temp_949.csv,  0,  11,  2,  2,  0,  0.003000,  0,  4,  473
..\tests\temp_950.csv,  0,  20,  52,  104,  0,  0.487000,  0,  4,  473
..\tests\temp_951.csv,  0,  21,  33,  59,  0,  0.323000,  0,  4,  473
..\tests\temp_952.csv,  0,  14,  7,  8,  0,  0.018000,  0,  4,  473
..\tests\temp_953.csv,  0,  12,  4,  4,  0,  0.009000,  0,  4,  473
..\tests\temp_954.csv,  0,  16,  4,  4,  0,  0.012000,  0,  4,  473
..\tests\temp_955.csv,  0,  23,  49,  85,  0,  0.614000,  0,  4,  473
..\tests\temp_956.csv,  0,  17,  25,  43,  0,  0.138000,  0,  4,  473
..\tests\temp_957.csv,  0,  23,  64,  107,  0,  0.904000,  0,  4,  473
..\tests\temp_958.csv,  0,  11,  2,  2,  0,  0.003000,  0,  4,  473
..\tests\temp_959.csv,  0,  15,  4,  4,  0,  0.009000,  0,  4,  473
..\tests\temp_960.csv,  0,  20,  14,  24,  0,  0.096000,  0,  4,  473
..\tests\temp_961.csv,  0,  25,  56,  118,  0,  0.896000,  0,  4,  473
..\tests\temp_962.csv,  0,  32,  222,  646,  0,  8.652000,  0,  4,  473
..\tests\temp_963.csv,  0,  12,  2,  2,  0,  0.003000,  0,  4,  473
..\tests\temp_964.csv,  0,  16,  7,  8,  0,  0.022000,  0,  4,  473
..\tests\temp_965.csv,  0,  11,  4,  4,  0,  0.006000,  0,  4,  473
..\tests\temp_966.csv,  0,  16,  5,  6,  0,  0.014000,  0,  4,  473
..\tests\temp_967.csv,  0,  26,  83,  209,  0,  1.878000,  0,  4,  473
..\tests\temp_968.csv,  0,  16,  9,  12,  0,  0.033000,  0,  4,  473
..\tests\temp_969.csv,  0,  20,  28,  55,  0,  0.212000,  0,  4,  473
..\tests\temp_970.csv,  0,  15,  4,  4,  0,  0.009000,  0,  4,  473
..\tests\temp_971.csv,  0,  32,  232,  652,  0,  10.692000,  0,  4,  473
..\tests\temp_972.csv,  0,  12,  6,  6,  0,  0.012000,  0,  4,  473
..\tests\temp_973.csv,  0,  21,  51,  91,  0,  0.569000,  0,  4,  473
..\tests\temp_974.csv,  0,  12,  10,  14,  0,  0.023000,  0,  4,  473
..\tests\temp_975.csv,  0,  20,  17,  22,  0,  0.131000,  0,  4,  473
..\tests\temp_976.csv,  0,  14,  8,  10,  0,  0.021000,  0,  4,  473
..\tests\temp_977.csv,  0,  22,  29,  59,  0,  0.313000,  0,  4,  473
..\tests\temp_978.csv,  0,  12,  4,  4,  0,  0.015000,  0,  4,  473
..\tests\temp_979.csv,  0,  15,  7,  8,  0,  0.026000,  0,  4,  473
..\tests\temp_980.csv,  0,  32,  132,  298,  0,  4.022000,  0,  4,  473
..\tests\temp_981.csv,  0,  29,  66,  180,  0,  1.583000,  0,  4,  473
..\tests\temp_982.csv,  0,  22,  20,  45,  0,  0.200000,  0,  4,  473
..\tests\temp_983.csv,  0,  17,  12,  12,  0,  0.057000,  0,  4,  473
..\tests\temp_984.csv,  0,  23,  25,  44,  0,  0.282000,  0,  4,  473
..\tests\temp_985.csv,  0,  21,  32,  49,  0,  0.349000,  0,  4,  473
..\tests\temp_986.csv,  0,  17,  11,  14,  0,  0.050000,  0,  4,  473
..\tests\temp_987.csv,  0,  27,  30,  61,  0,  0.460000,  0,  4,  473
..\tests\temp_988.csv,  0,  22,  34,  69,  0,  0.346000,  0,  4,  473
..\tests\temp_989.csv,  0,  27,  358,  1008,  0,  13.057000,  0,  4,  473
..\tests\temp_990.csv,  0,  20,  17,  24,  0,  0.127000,  0,  4,  473
..\tests\temp_991.csv,  0,  12,  4,  4,  0,  0.007000,  0,  4,  473
..\tests\temp_992.csv,  0,  21,  8,  10,  0,  0.046000,  0,  4,  473
..\tests\temp_993.csv,  0,  12,  6,  8,  0,  0.012000,  0,  4,  473
..\tests\temp_994.csv,  0,  23,  37,  90,  0,  0.458000,  0,  4,  473
..\tests\temp_995.csv,  0,  32,  487,  1122,  0,  27.305000,  0,  4,  473
..\tests\temp_996.csv,  0,  16,  9,  12,  0,  0.036000,  0,  4,  473
..\tests\temp_997.csv,  0,  20,  17,  27,  0,  0.112000,  0,  4,  473
..\tests\temp_998.csv,  0,  21,  18,  30,  0,  0.184000,  0,  4,  473
..\tests\temp_999.csv,  0,  29,  212,  477,  0,  6.927000,  0,  4,  473